txid,vin,network,scriptHex,controlBlockHex,expected,blockHeight,source
f1de8d3b3894a7cc0efffa7332bf7236ad089195b9d642121f4844f13e01f1e0,0,mainnet,20117f692257b2331233b5705ce9c682be8719ff1b2b64cbca290bd6faeb54423eac06fa2f17dd8701750063036f7264010118746578742f706c61696e3b636861727365743d7574662d3800337b2270223a226272632d3230222c226f70223a226d696e74222c227469636b223a2279756765222c22616d74223a223435227d68,c1117f692257b2331233b5705ce9c682be8719ff1b2b64cbca290bd6faeb54423e,bc1pjy0k38ms93wx8ufq2k4vwx75f7pralaeudwh0m8lqdrvwuwa23qsyc2wjw,787999,public-sample-v0.1.0
a2c71d01807340935e33af8e730fc816bbddbf9a113047fd0e5bc271bd63fded,0,mainnet,20117f692257b2331233b5705ce9c682be8719ff1b2b64cbca290bd6faeb54423eac06fa2f17dd8701750063036f7264010118746578742f706c61696e3b636861727365743d7574662d3800337b2270223a226272632d3230222c226f70223a226d696e74222c227469636b223a2279756765222c22616d74223a223435227d68,c1117f692257b2331233b5705ce9c682be8719ff1b2b64cbca290bd6faeb54423e,bc1pjy0k38ms93wx8ufq2k4vwx75f7pralaeudwh0m8lqdrvwuwa23qsyc2wjw,787999,public-sample-v0.1.0
a13fbcab8152d2debf3ca311e21fcb629243aad4465e75169ed600342e9f9e9a,0,mainnet,20117f692257b2331233b5705ce9c682be8719ff1b2b64cbca290bd6faeb54423eac06717404de8701750063036f7264010118746578742f706c61696e3b636861727365743d7574662d38000f5765206c6f76652063727970746f2e68,c0117f692257b2331233b5705ce9c682be8719ff1b2b64cbca290bd6faeb54423e,bc1pjs34lr8y3dp6k7uj6t503le8dtg30urh4u4alq4xg24ejnpjuj2qyyyyt2,787999,public-sample-v0.1.0
6f1a1e4d85e6a170a212e2a29020c1c1be0b08eec34a5fbae73ab726a2f7a594,0,mainnet,20117f692257b2331233b5705ce9c682be8719ff1b2b64cbca290bd6faeb54423eac06fdea2cdd8701750063036f7264010118746578742f706c61696e3b636861727365743d7574662d3800467b2270223a226272632d3230222c226f70223a226465706c6f79222c227469636b223a22e5b88131222c226d6178223a22313030303030222c226c696d223a2231303030227d68,c0117f692257b2331233b5705ce9c682be8719ff1b2b64cbca290bd6faeb54423e,bc1p574h9lk09q9vmaalc6hlcd2mq9u88wvtppzkgl40ahx2p8n57jgqgslns7,787999,public-sample-v0.1.0
4f8aad33e6f5e9703af16b2fdc6885eb7a94eb04013e234981af72ca7da05431,0,mainnet,20117f692257b2331233b5705ce9c682be8719ff1b2b64cbca290bd6faeb54423eac067a9876dd8701750063036f7264010118746578742f706c61696e3b636861727365743d7574662d3800397b2270223a226272632d3230222c226f70223a227472616e73666572222c227469636b223a22676d676e222c22616d74223a2234303030227d68,c1117f692257b2331233b5705ce9c682be8719ff1b2b64cbca290bd6faeb54423e,bc1p8vsj33k7ex508ypvdu9e0l80m7j7lruacsahy3jrws2gxvlxdd3qpr9732,787999,public-sample-v0.1.0
32b303ca6931384d28813ceacf23bde7b78bda1ddf47455e5e10750f582c6163,0,mainnet,20117f692257b2331233b5705ce9c682be8719ff1b2b64cbca290bd6faeb54423eac06a46277dd8701750063036f7264010118746578742f706c61696e3b636861727365743d7574662d3800397b2270223a226272632d3230222c226f70223a227472616e73666572222c227469636b223a22676d676e222c22616d74223a2234303030227d68,c1117f692257b2331233b5705ce9c682be8719ff1b2b64cbca290bd6faeb54423e,bc1pkjqeuj3f3s0ufr3993v3qz7ukvtt7plpkz8hcv5qtqk387qms9qqsnwnan,787999,public-sample-v0.1.0
da3c6b157194b0f489467db78b2301e158f08fa1ec9867bd6e4092509c1b67f4,0,mainnet,20117f692257b2331233b5705ce9c682be8719ff1b2b64cbca290bd6faeb54423eac0622090ddd8701750063036f7264010118746578742f706c61696e3b636861727365743d7574662d3800357b2270223a226272632d3230222c226f70223a226d696e74222c227469636b223a22676d676e222c22616d74223a2231303030227d68,c1117f692257b2331233b5705ce9c682be8719ff1b2b64cbca290bd6faeb54423e,bc1pjwnvx88r0r6g77mwuh64mu36nxn92ryshczrv3ew6lyp7v9q2jqqxfsnf0,787999,public-sample-v0.1.0
6b06e8706cd41d7d54b62bbe66e22a2d02b5c3de1b945de9dbe839888b7a6bb1,0,mainnet,20117f692257b2331233b5705ce9c682be8719ff1b2b64cbca290bd6faeb54423eac0622090ddd8701750063036f7264010118746578742f706c61696e3b636861727365743d7574662d3800357b2270223a226272632d3230222c226f70223a226d696e74222c227469636b223a22676d676e222c22616d74223a2231303030227d68,c1117f692257b2331233b5705ce9c682be8719ff1b2b64cbca290bd6faeb54423e,bc1pjwnvx88r0r6g77mwuh64mu36nxn92ryshczrv3ew6lyp7v9q2jqqxfsnf0,787999,public-sample-v0.1.0
aa6a0a6f74377b0b9ae6c90ef94b4359d9dfa17bdec9714cd4abea4a49696099,0,mainnet,20117f692257b2331233b5705ce9c682be8719ff1b2b64cbca290bd6faeb54423eac0622090ddd8701750063036f7264010118746578742f706c61696e3b636861727365743d7574662d3800357b2270223a226272632d3230222c226f70223a226d696e74222c227469636b223a22676d676e222c22616d74223a2231303030227d68,c1117f692257b2331233b5705ce9c682be8719ff1b2b64cbca290bd6faeb54423e,bc1pjwnvx88r0r6g77mwuh64mu36nxn92ryshczrv3ew6lyp7v9q2jqqxfsnf0,787999,public-sample-v0.1.0
989c3f894501f615e4dbb2d481a4526c9f4954cb473be599c46e5073d4730477,0,mainnet,20117f692257b2331233b5705ce9c682be8719ff1b2b64cbca290bd6faeb54423eac0622090ddd8701750063036f7264010118746578742f706c61696e3b636861727365743d7574662d3800357b2270223a226272632d3230222c226f70223a226d696e74222c227469636b223a22676d676e222c22616d74223a2231303030227d68,c1117f692257b2331233b5705ce9c682be8719ff1b2b64cbca290bd6faeb54423e,bc1pjwnvx88r0r6g77mwuh64mu36nxn92ryshczrv3ew6lyp7v9q2jqqxfsnf0,787999,public-sample-v0.1.0
5dcb7e8d7d0c1adf22d3435366afd56fd3aba94fe2a0f2261ce2b8576f5cfb59,0,mainnet,20117f692257b2331233b5705ce9c682be8719ff1b2b64cbca290bd6faeb54423eac0622090ddd8701750063036f7264010118746578742f706c61696e3b636861727365743d7574662d3800357b2270223a226272632d3230222c226f70223a226d696e74222c227469636b223a22676d676e222c22616d74223a2231303030227d68,c1117f692257b2331233b5705ce9c682be8719ff1b2b64cbca290bd6faeb54423e,bc1pjwnvx88r0r6g77mwuh64mu36nxn92ryshczrv3ew6lyp7v9q2jqqxfsnf0,787999,public-sample-v0.1.0
2fc82c2a071bddd6493b83bdf8a29b3cb9fe76c6f56f831573a597e79e120137,0,mainnet,20117f692257b2331233b5705ce9c682be8719ff1b2b64cbca290bd6faeb54423eac0622090ddd8701750063036f7264010118746578742f706c61696e3b636861727365743d7574662d3800357b2270223a226272632d3230222c226f70223a226d696e74222c227469636b223a22676d676e222c22616d74223a2231303030227d68,c1117f692257b2331233b5705ce9c682be8719ff1b2b64cbca290bd6faeb54423e,bc1pjwnvx88r0r6g77mwuh64mu36nxn92ryshczrv3ew6lyp7v9q2jqqxfsnf0,787999,public-sample-v0.1.0
41b362193074086491f8e010dfbfc315d85db354fb268de3d56a79910b648919,0,mainnet,20117f692257b2331233b5705ce9c682be8719ff1b2b64cbca290bd6faeb54423eac0622090ddd8701750063036f7264010118746578742f706c61696e3b636861727365743d7574662d3800357b2270223a226272632d3230222c226f70223a226d696e74222c227469636b223a22676d676e222c22616d74223a2231303030227d68,c1117f692257b2331233b5705ce9c682be8719ff1b2b64cbca290bd6faeb54423e,bc1pjwnvx88r0r6g77mwuh64mu36nxn92ryshczrv3ew6lyp7v9q2jqqxfsnf0,787999,public-sample-v0.1.0
fc34e49bf72865acf8b03456a2968a5a74c5d1e4a18cbc1bf02b760ac8047c19,0,mainnet,20117f692257b2331233b5705ce9c682be8719ff1b2b64cbca290bd6faeb54423eac0622090ddd8701750063036f7264010118746578742f706c61696e3b636861727365743d7574662d3800357b2270223a226272632d3230222c226f70223a226d696e74222c227469636b223a22676d676e222c22616d74223a2231303030227d68,c1117f692257b2331233b5705ce9c682be8719ff1b2b64cbca290bd6faeb54423e,bc1pjwnvx88r0r6g77mwuh64mu36nxn92ryshczrv3ew6lyp7v9q2jqqxfsnf0,787999,public-sample-v0.1.0
bca69335bd40521d3a2587e1e9c9827193e9db70057c99e43316ccd1d1be8603,0,mainnet,20117f692257b2331233b5705ce9c682be8719ff1b2b64cbca290bd6faeb54423eac0622090ddd8701750063036f7264010118746578742f706c61696e3b636861727365743d7574662d3800357b2270223a226272632d3230222c226f70223a226d696e74222c227469636b223a22676d676e222c22616d74223a2231303030227d68,c1117f692257b2331233b5705ce9c682be8719ff1b2b64cbca290bd6faeb54423e,bc1pjwnvx88r0r6g77mwuh64mu36nxn92ryshczrv3ew6lyp7v9q2jqqxfsnf0,787999,public-sample-v0.1.0
1749d817d04ac777baa3079ce2903c37816f88062bca634a945868765136f601,0,mainnet,20117f692257b2331233b5705ce9c682be8719ff1b2b64cbca290bd6faeb54423eac0622090ddd8701750063036f7264010118746578742f706c61696e3b636861727365743d7574662d3800357b2270223a226272632d3230222c226f70223a226d696e74222c227469636b223a22676d676e222c22616d74223a2231303030227d68,c1117f692257b2331233b5705ce9c682be8719ff1b2b64cbca290bd6faeb54423e,bc1pjwnvx88r0r6g77mwuh64mu36nxn92ryshczrv3ew6lyp7v9q2jqqxfsnf0,787999,public-sample-v0.1.0
8d69433ad9a38a7f6d3f604f60bbaccff4d137726565b96446f1bb0d269ee6f6,0,mainnet,20117f692257b2331233b5705ce9c682be8719ff1b2b64cbca290bd6faeb54423eac06df7f05dd8701750063036f7264010118746578742f706c61696e3b636861727365743d7574662d3800357b2270223a226272632d3230222c226f70223a226d696e74222c227469636b223a22676d676e222c22616d74223a2231303030227d68,c0117f692257b2331233b5705ce9c682be8719ff1b2b64cbca290bd6faeb54423e,bc1puje5r5g2ajqcy88aaxwj36d0rn3gjhhdx8m6nv25mhuq278mwrqqwgdktp,787999,public-sample-v0.1.0
e7281a16fb4936baea873466bae8585780f1f13cc9fc3f48aecaf0a2c2eb2bf0,0,mainnet,20117f692257b2331233b5705ce9c682be8719ff1b2b64cbca290bd6faeb54423eac06df7f05dd8701750063036f7264010118746578742f706c61696e3b636861727365743d7574662d3800357b2270223a226272632d3230222c226f70223a226d696e74222c227469636b223a22676d676e222c22616d74223a2231303030227d68,c0117f692257b2331233b5705ce9c682be8719ff1b2b64cbca290bd6faeb54423e,bc1puje5r5g2ajqcy88aaxwj36d0rn3gjhhdx8m6nv25mhuq278mwrqqwgdktp,787999,public-sample-v0.1.0
aa324ad2da68019911803ffeb05f28c1944317bca9ae936b97979b462d2266d4,0,mainnet,20117f692257b2331233b5705ce9c682be8719ff1b2b64cbca290bd6faeb54423eac06df7f05dd8701750063036f7264010118746578742f706c61696e3b636861727365743d7574662d3800357b2270223a226272632d3230222c226f70223a226d696e74222c227469636b223a22676d676e222c22616d74223a2231303030227d68,c0117f692257b2331233b5705ce9c682be8719ff1b2b64cbca290bd6faeb54423e,bc1puje5r5g2ajqcy88aaxwj36d0rn3gjhhdx8m6nv25mhuq278mwrqqwgdktp,787999,public-sample-v0.1.0
f37c0bae1fe44fdd6e9b5f65b8e24dae5c5aab2cc81b553392aafea3d118e5be,0,mainnet,20117f692257b2331233b5705ce9c682be8719ff1b2b64cbca290bd6faeb54423eac06df7f05dd8701750063036f7264010118746578742f706c61696e3b636861727365743d7574662d3800357b2270223a226272632d3230222c226f70223a226d696e74222c227469636b223a22676d676e222c22616d74223a2231303030227d68,c0117f692257b2331233b5705ce9c682be8719ff1b2b64cbca290bd6faeb54423e,bc1puje5r5g2ajqcy88aaxwj36d0rn3gjhhdx8m6nv25mhuq278mwrqqwgdktp,787999,public-sample-v0.1.0
f671b4afcb1d99d3e6949e3a99db033db20199c3cb81427ceda6a080e1cb2f8e,0,mainnet,20117f692257b2331233b5705ce9c682be8719ff1b2b64cbca290bd6faeb54423eac06df7f05dd8701750063036f7264010118746578742f706c61696e3b636861727365743d7574662d3800357b2270223a226272632d3230222c226f70223a226d696e74222c227469636b223a22676d676e222c22616d74223a2231303030227d68,c0117f692257b2331233b5705ce9c682be8719ff1b2b64cbca290bd6faeb54423e,bc1puje5r5g2ajqcy88aaxwj36d0rn3gjhhdx8m6nv25mhuq278mwrqqwgdktp,787999,public-sample-v0.1.0
7f67d23700b2f726bd8cf230f3a4bd59d1ef2d04ce51b61ecc0ec9147f63217f,0,mainnet,20117f692257b2331233b5705ce9c682be8719ff1b2b64cbca290bd6faeb54423eac06df7f05dd8701750063036f7264010118746578742f706c61696e3b636861727365743d7574662d3800357b2270223a226272632d3230222c226f70223a226d696e74222c227469636b223a22676d676e222c22616d74223a2231303030227d68,c0117f692257b2331233b5705ce9c682be8719ff1b2b64cbca290bd6faeb54423e,bc1puje5r5g2ajqcy88aaxwj36d0rn3gjhhdx8m6nv25mhuq278mwrqqwgdktp,787999,public-sample-v0.1.0
13d6ff6ad2d3afcb7193bfaf8098477f40d6b1ac2cf027fa969c388293b9c867,0,mainnet,20117f692257b2331233b5705ce9c682be8719ff1b2b64cbca290bd6faeb54423eac06df7f05dd8701750063036f7264010118746578742f706c61696e3b636861727365743d7574662d3800357b2270223a226272632d3230222c226f70223a226d696e74222c227469636b223a22676d676e222c22616d74223a2231303030227d68,c0117f692257b2331233b5705ce9c682be8719ff1b2b64cbca290bd6faeb54423e,bc1puje5r5g2ajqcy88aaxwj36d0rn3gjhhdx8m6nv25mhuq278mwrqqwgdktp,787999,public-sample-v0.1.0
381ee943f84e90c7d4e32c14d2af75f3d236b5249fd8ef70ae720158f6959865,0,mainnet,20117f692257b2331233b5705ce9c682be8719ff1b2b64cbca290bd6faeb54423eac06df7f05dd8701750063036f7264010118746578742f706c61696e3b636861727365743d7574662d3800357b2270223a226272632d3230222c226f70223a226d696e74222c227469636b223a22676d676e222c22616d74223a2231303030227d68,c0117f692257b2331233b5705ce9c682be8719ff1b2b64cbca290bd6faeb54423e,bc1puje5r5g2ajqcy88aaxwj36d0rn3gjhhdx8m6nv25mhuq278mwrqqwgdktp,787999,public-sample-v0.1.0
04092723bae7b9d41a824a3f61bf2cc49b7c27f0a64a8b07a09d57b3728aff5d,0,mainnet,20117f692257b2331233b5705ce9c682be8719ff1b2b64cbca290bd6faeb54423eac06df7f05dd8701750063036f7264010118746578742f706c61696e3b636861727365743d7574662d3800357b2270223a226272632d3230222c226f70223a226d696e74222c227469636b223a22676d676e222c22616d74223a2231303030227d68,c0117f692257b2331233b5705ce9c682be8719ff1b2b64cbca290bd6faeb54423e,bc1puje5r5g2ajqcy88aaxwj36d0rn3gjhhdx8m6nv25mhuq278mwrqqwgdktp,787999,public-sample-v0.1.0
4951dc66275823cc13910e437119b9189bb12ff1b11f010d5a3b08b3fd83d0c5,0,mainnet,20117f692257b2331233b5705ce9c682be8719ff1b2b64cbca290bd6faeb54423eac06df7f05dd8701750063036f7264010118746578742f706c61696e3b636861727365743d7574662d3800357b2270223a226272632d3230222c226f70223a226d696e74222c227469636b223a22676d676e222c22616d74223a2231303030227d68,c0117f692257b2331233b5705ce9c682be8719ff1b2b64cbca290bd6faeb54423e,bc1puje5r5g2ajqcy88aaxwj36d0rn3gjhhdx8m6nv25mhuq278mwrqqwgdktp,787999,public-sample-v0.1.0
ba914777a89ad2445b86914074ff26aceddd7c3dcf43e4967dcbcfc3084e4fc7,0,mainnet,20117f692257b2331233b5705ce9c682be8719ff1b2b64cbca290bd6faeb54423eac06637c02dd8701750063036f7264010118746578742f706c61696e3b636861727365743d7574662d3800397b2270223a226272632d3230222c226f70223a227472616e73666572222c227469636b223a2270657065222c22616d74223a2231303030227d68,c1117f692257b2331233b5705ce9c682be8719ff1b2b64cbca290bd6faeb54423e,bc1p2sf7xpaekyuggeg34qtkmmgru06yccrrtrn54qarxuy3hqnte6qq8nlq9r,787999,public-sample-v0.1.0
577615e7cfef3b66371c33b2b7418d9a2c2566528c49c2db7f059951d7e08475,0,mainnet,20117f692257b2331233b5705ce9c682be8719ff1b2b64cbca290bd6faeb54423eac06f8a602dd8701750063036f7264010118746578742f706c61696e3b636861727365743d7574662d3800397b2270223a226272632d3230222c226f70223a227472616e73666572222c227469636b223a22777a7264222c22616d74223a2235303030227d68,c1117f692257b2331233b5705ce9c682be8719ff1b2b64cbca290bd6faeb54423e,bc1p3796zjwa3gv0p0e3hnnzv8le0a3j9zy5lpuezz855n3k47h2qzgsv8ae53,787999,public-sample-v0.1.0
f4574850dbc05daf4417eb3633fc07b0400ce9e08beae7a2cf150715087e6b63,0,mainnet,20117f692257b2331233b5705ce9c682be8719ff1b2b64cbca290bd6faeb54423eac0645ce01dd8701750063036f7264010118746578742f706c61696e3b636861727365743d7574662d3800397b2270223a226272632d3230222c226f70223a227472616e73666572222c227469636b223a2270657065222c22616d74223a2231303030227d68,c0117f692257b2331233b5705ce9c682be8719ff1b2b64cbca290bd6faeb54423e,bc1pgj3qgkxtvjt4j9pddd6jdgjdsd9jewy8ynsxwwxhzw7aqm69xldqs9un8e,787999,public-sample-v0.1.0
4044d6ec3fac96fbd8ef25fba23a96f10bfdc0d1d77a898fed95606a879dc041,0,mainnet,20117f692257b2331233b5705ce9c682be8719ff1b2b64cbca290bd6faeb54423eac06ac3902dd8701750063036f7264010118746578742f706c61696e3b636861727365743d7574662d38003a7b2270223a226272632d3230222c226f70223a227472616e73666572222c227469636b223a22777a7264222c22616d74223a223130303030227d68,c1117f692257b2331233b5705ce9c682be8719ff1b2b64cbca290bd6faeb54423e,bc1p4vasnekf2x8y3hjvqe8udftrm2de8rpfgt4spc3m79g7ye6jy38s2zxd00,787999,public-sample-v0.1.0
4aca5ad6f32f9197c29239fd786d209aa52ad0f7bbeb903b7a3de306bf6703dd,0,mainnet,20117f692257b2331233b5705ce9c682be8719ff1b2b64cbca290bd6faeb54423eac061af303dd8701750063036f7264010118746578742f706c61696e3b636861727365743d7574662d3800397b2270223a226272632d3230222c226f70223a227472616e73666572222c227469636b223a2270657065222c22616d74223a2231303030227d68,c0117f692257b2331233b5705ce9c682be8719ff1b2b64cbca290bd6faeb54423e,bc1pky422fdlx5kpavqlljnckjvwy803dn54gjv4lhdheuwskzxjpz0q6n389j,787999,public-sample-v0.1.0
158c27aae6ecfecd7a6029c1f9271e7af76a53e1c0e063168724da942639dfb2,0,mainnet,20117f692257b2331233b5705ce9c682be8719ff1b2b64cbca290bd6faeb54423eac06dc9103dd8701750063036f7264010118746578742f706c61696e3b636861727365743d7574662d3800397b2270223a226272632d3230222c226f70223a227472616e73666572222c227469636b223a2270657065222c22616d74223a2231303030227d68,c1117f692257b2331233b5705ce9c682be8719ff1b2b64cbca290bd6faeb54423e,bc1panngnqrs0k0kc7gs3qnkkgqfdc9kfhqpqsnfdxc7wpcfx2vu2vvsv7p7xy,787999,public-sample-v0.1.0
c7d8aa82c614fa6fea6a43bbc22409b1605ef3bc0d98770ed3977210b9ddba0a,0,mainnet,20117f692257b2331233b5705ce9c682be8719ff1b2b64cbca290bd6faeb54423eac06c9c803dd8701750063036f7264010118746578742f706c61696e3b636861727365743d7574662d3800397b2270223a226272632d3230222c226f70223a227472616e73666572222c227469636b223a22777a7264222c22616d74223a2235303030227d68,c0117f692257b2331233b5705ce9c682be8719ff1b2b64cbca290bd6faeb54423e,bc1p7206c3a86f6wuccx7kj8ecj9py29um95vrug8zwlxaz6e5vjldxqgpahfe,787999,public-sample-v0.1.0
5f0cf00a8d857529a90eb7763d3a76dfd895462dc542d0c89ae6f6f97b794983,0,mainnet,20117f692257b2331233b5705ce9c682be8719ff1b2b64cbca290bd6faeb54423eac06005004dd8701750063036f7264010118746578742f706c61696e3b636861727365743d7574662d3800397b2270223a226272632d3230222c226f70223a227472616e73666572222c227469636b223a2278696e67222c22616d74223a2235303030227d68,c0117f692257b2331233b5705ce9c682be8719ff1b2b64cbca290bd6faeb54423e,bc1plmd4a7lug4kccur5ergeg06yeh3ne7apj4k7nntu2wuefmja9v7qag5t6h,787999,public-sample-v0.1.0
448274d5f50042febe43cef1cb0e2501bf2d736565b55db9a50da2e7d97079fe,0,mainnet,20117f692257b2331233b5705ce9c682be8719ff1b2b64cbca290bd6faeb54423eac06c92e53de8701750063036f7264010118746578742f706c61696e3b636861727365743d7574662d3800357b2270223a226272632d3230222c226f70223a226d696e74222c227469636b223a2276646278222c22616d74223a2231303030227d68,c0117f692257b2331233b5705ce9c682be8719ff1b2b64cbca290bd6faeb54423e,bc1p6xkzw82kv53gjmc68sudwzz6nxh98fwt6c9va6s9cctf7gfu95aq8vh5vp,787999,public-sample-v0.1.0
29242c0a4aba6c6cf6ca4d44e7a04b0ccb9667778face562604048383a8de4fd,0,mainnet,20117f692257b2331233b5705ce9c682be8719ff1b2b64cbca290bd6faeb54423eac06bdc3fcdc8701750063036f7264010118746578742f706c61696e3b636861727365743d7574662d3800357b2270223a226272632d3230222c226f70223a226d696e74222c227469636b223a22676d676e222c22616d74223a2231303030227d68,c0117f692257b2331233b5705ce9c682be8719ff1b2b64cbca290bd6faeb54423e,bc1pu0cphdh7r6thqyjl3qqm0a6grdxah6lsd6qddhayw0pr4ahlhltqde6q5j,787999,public-sample-v0.1.0
f559fcb1a1cf8cdc7b928219880b68edbba9bd54a4340f1110b06210d42b58fd,0,mainnet,20117f692257b2331233b5705ce9c682be8719ff1b2b64cbca290bd6faeb54423eac066b20f6dc8701750063036f7264010118746578742f706c61696e3b636861727365743d7574662d3800357b2270223a226272632d3230222c226f70223a226d696e74222c227469636b223a22676d676e222c22616d74223a2231303030227d68,c1117f692257b2331233b5705ce9c682be8719ff1b2b64cbca290bd6faeb54423e,bc1p8ndnx8vkq2t8x9azvu3qmp8n6krayuf9j9ln9d53agggungqrx4s3ndel6,787999,public-sample-v0.1.0
5099482abb632ed6113553b3ce642d490a2278517bcc74fbcc48e234565f92fc,0,mainnet,20117f692257b2331233b5705ce9c682be8719ff1b2b64cbca290bd6faeb54423eac06f2a50cdd8701750063036f7264010118746578742f706c61696e3b636861727365743d7574662d3800357b2270223a226272632d3230222c226f70223a226d696e74222c227469636b223a22676d676e222c22616d74223a2231303030227d68,c1117f692257b2331233b5705ce9c682be8719ff1b2b64cbca290bd6faeb54423e,bc1pegsrvknfj5acltaweaf7ehu05v3nqg4sngzfwrumq9835pdgu4zq7ga8qq,787999,public-sample-v0.1.0
d151bd6dbc0965582fa57c4418bf348f5039b6a423fdbde28f66ca70c20788fc,0,mainnet,20117f692257b2331233b5705ce9c682be8719ff1b2b64cbca290bd6faeb54423eac0668210cdd8701750063036f7264010118746578742f706c61696e3b636861727365743d7574662d3800357b2270223a226272632d3230222c226f70223a226d696e74222c227469636b223a22676d676e222c22616d74223a2231303030227d68,c0117f692257b2331233b5705ce9c682be8719ff1b2b64cbca290bd6faeb54423e,bc1pstarcmvpxpw0wdcvtk9pvfuycguuzl2rdfn8huamsvg9wtnlhkuq7s40pt,787999,public-sample-v0.1.0
f44b0f13143b3555ab98bf2dd1a2dec8a5e2a36ea5504fa479950448e23c5efc,0,mainnet,20117f692257b2331233b5705ce9c682be8719ff1b2b64cbca290bd6faeb54423eac06bdc3fcdc8701750063036f7264010118746578742f706c61696e3b636861727365743d7574662d3800357b2270223a226272632d3230222c226f70223a226d696e74222c227469636b223a22676d676e222c22616d74223a2231303030227d68,c0117f692257b2331233b5705ce9c682be8719ff1b2b64cbca290bd6faeb54423e,bc1pu0cphdh7r6thqyjl3qqm0a6grdxah6lsd6qddhayw0pr4ahlhltqde6q5j,787999,public-sample-v0.1.0
1db6e36eefb33dadda262a5c23456d122d087cb319beac423176cfaaa2103afc,0,mainnet,20117f692257b2331233b5705ce9c682be8719ff1b2b64cbca290bd6faeb54423eac066b4211dd8701750063036f7264010118746578742f706c61696e3b636861727365743d7574662d3800357b2270223a226272632d3230222c226f70223a226d696e74222c227469636b223a22676d676e222c22616d74223a2231303030227d68,c0117f692257b2331233b5705ce9c682be8719ff1b2b64cbca290bd6faeb54423e,bc1pkfqw65dmnq48ju9sqslyct0a6g9y32nr2aqt2pedadt3rqxec5wqsajv8k,787999,public-sample-v0.1.0
2d551c4b15c89b1e6400cab9e8b57015c1b59edea15fda17f47eb848386e29fa,0,mainnet,20117f692257b2331233b5705ce9c682be8719ff1b2b64cbca290bd6faeb54423eac0654b6ffdc8701750063036f7264010118746578742f706c61696e3b636861727365743d7574662d3800357b2270223a226272632d3230222c226f70223a226d696e74222c227469636b223a22676d676e222c22616d74223a2231303030227d68,c1117f692257b2331233b5705ce9c682be8719ff1b2b64cbca290bd6faeb54423e,bc1p97wde084z3k9vsrh4jfsgdl34u8g4k0mvrteg5p5n5f2qrcyhcss2gsc75,787999,public-sample-v0.1.0
86b836b882a6a9abddc870650fd2411cca6b8227fb0d79d5cdf4b88b207d1ffa,0,mainnet,20117f692257b2331233b5705ce9c682be8719ff1b2b64cbca290bd6faeb54423eac0668210cdd8701750063036f7264010118746578742f706c61696e3b636861727365743d7574662d3800357b2270223a226272632d3230222c226f70223a226d696e74222c227469636b223a22676d676e222c22616d74223a2231303030227d68,c0117f692257b2331233b5705ce9c682be8719ff1b2b64cbca290bd6faeb54423e,bc1pstarcmvpxpw0wdcvtk9pvfuycguuzl2rdfn8huamsvg9wtnlhkuq7s40pt,787999,public-sample-v0.1.0
2c30c52807f4ff80faca2d5134115c125e441edd616a1da161b2294b5eb7f1f9,0,mainnet,20117f692257b2331233b5705ce9c682be8719ff1b2b64cbca290bd6faeb54423eac06581b04dd8701750063036f7264010118746578742f706c61696e3b636861727365743d7574662d3800357b2270223a226272632d3230222c226f70223a226d696e74222c227469636b223a22676d676e222c22616d74223a2231303030227d68,c0117f692257b2331233b5705ce9c682be8719ff1b2b64cbca290bd6faeb54423e,bc1pk868cals792v4hsd7r4ajh0w0cel3lssm4nrwt88nzufn6e4qptsepnhs3,787999,public-sample-v0.1.0
036bb7e8d317b8c2ca773ab38081e967131257fab4ec4704def490cc5092d6f9,0,mainnet,20117f692257b2331233b5705ce9c682be8719ff1b2b64cbca290bd6faeb54423eac066b4211dd8701750063036f7264010118746578742f706c61696e3b636861727365743d7574662d3800357b2270223a226272632d3230222c226f70223a226d696e74222c227469636b223a22676d676e222c22616d74223a2231303030227d68,c0117f692257b2331233b5705ce9c682be8719ff1b2b64cbca290bd6faeb54423e,bc1pkfqw65dmnq48ju9sqslyct0a6g9y32nr2aqt2pedadt3rqxec5wqsajv8k,787999,public-sample-v0.1.0
5f033fb0b94fe5badca0548940731470de681dca6cd3ad7f52ebda8450943df9,0,mainnet,20117f692257b2331233b5705ce9c682be8719ff1b2b64cbca290bd6faeb54423eac065ca0ffdc8701750063036f7264010118746578742f706c61696e3b636861727365743d7574662d3800357b2270223a226272632d3230222c226f70223a226d696e74222c227469636b223a22676d676e222c22616d74223a2231303030227d68,c1117f692257b2331233b5705ce9c682be8719ff1b2b64cbca290bd6faeb54423e,bc1pwzp4q7mna2q505ec3kj69q3jkcfej2he3fw6m530u5rtw2rr9h5q07qulg,787999,public-sample-v0.1.0
a8e80447e8e6eda020b0771395bd67825d51e473b99d28e5f58b09eced2b72f8,0,mainnet,20117f692257b2331233b5705ce9c682be8719ff1b2b64cbca290bd6faeb54423eac06a603fddc8701750063036f7264010118746578742f706c61696e3b636861727365743d7574662d3800357b2270223a226272632d3230222c226f70223a226d696e74222c227469636b223a22676d676e222c22616d74223a2231303030227d68,c0117f692257b2331233b5705ce9c682be8719ff1b2b64cbca290bd6faeb54423e,bc1pnay00gxnmx25qv880ldr5updje5z8yf058aua8apr5qyrydle2dqpsjwrc,787999,public-sample-v0.1.0
d1e33e1459c65e194c49848b0bc48de5772e0d823abe73b23e7ce3fcb10b66f7,0,mainnet,20117f692257b2331233b5705ce9c682be8719ff1b2b64cbca290bd6faeb54423eac06341907dd8701750063036f7264010118746578742f706c61696e3b636861727365743d7574662d3800357b2270223a226272632d3230222c226f70223a226d696e74222c227469636b223a22676d676e222c22616d74223a2231303030227d68,c1117f692257b2331233b5705ce9c682be8719ff1b2b64cbca290bd6faeb54423e,bc1pjhzjj4pqhxw8szz94uy8qa4lj84kkmggga9lmmldglkwgfef822sf90czx,787999,public-sample-v0.1.0
e9cba39a26e0bdf815d9832d5dfd33748968e02b04c476c847aae811d6e326f7,0,mainnet,20117f692257b2331233b5705ce9c682be8719ff1b2b64cbca290bd6faeb54423eac06bdc3fcdc8701750063036f7264010118746578742f706c61696e3b636861727365743d7574662d3800357b2270223a226272632d3230222c226f70223a226d696e74222c227469636b223a22676d676e222c22616d74223a2231303030227d68,c0117f692257b2331233b5705ce9c682be8719ff1b2b64cbca290bd6faeb54423e,bc1pu0cphdh7r6thqyjl3qqm0a6grdxah6lsd6qddhayw0pr4ahlhltqde6q5j,787999,public-sample-v0.1.0
88aefb119453ea6a9b72d2976dba78abaa0ed0f82226714f65b3da7434aa06f7,0,mainnet,20117f692257b2331233b5705ce9c682be8719ff1b2b64cbca290bd6faeb54423eac066b20f6dc8701750063036f7264010118746578742f706c61696e3b636861727365743d7574662d3800357b2270223a226272632d3230222c226f70223a226d696e74222c227469636b223a22676d676e222c22616d74223a2231303030227d68,c1117f692257b2331233b5705ce9c682be8719ff1b2b64cbca290bd6faeb54423e,bc1p8ndnx8vkq2t8x9azvu3qmp8n6krayuf9j9ln9d53agggungqrx4s3ndel6,787999,public-sample-v0.1.0
babd1363c5174749d7ad653728624d40b36a027bae95e8dd5a5c96933e59c7f6,0,mainnet,20117f692257b2331233b5705ce9c682be8719ff1b2b64cbca290bd6faeb54423eac06c7e46ede8701750063036f7264010118746578742f706c61696e3b636861727365743d7574662d3800357b2270223a226272632d3230222c226f70223a226d696e74222c227469636b223a224d414741222c22616d74223a2232313030227d68,c1117f692257b2331233b5705ce9c682be8719ff1b2b64cbca290bd6faeb54423e,bc1pagacas832wzjsshw9efw2eew92lcgdaynxpf8jc5265cas0emgwstjpmjm,787999,public-sample-v0.1.0
ce7a749c70dd4d911622db1cd0abb678fd2e6688f94f14e948dc7367da5449f6,0,mainnet,20117f692257b2331233b5705ce9c682be8719ff1b2b64cbca290bd6faeb54423eac06f2a50cdd8701750063036f7264010118746578742f706c61696e3b636861727365743d7574662d3800357b2270223a226272632d3230222c226f70223a226d696e74222c227469636b223a22676d676e222c22616d74223a2231303030227d68,c1117f692257b2331233b5705ce9c682be8719ff1b2b64cbca290bd6faeb54423e,bc1pegsrvknfj5acltaweaf7ehu05v3nqg4sngzfwrumq9835pdgu4zq7ga8qq,787999,public-sample-v0.1.0
3a6d2deca66ba1135cd81ab2d31a5a6cb8bcf7d9529be5d9ac9652ad7fa70af6,0,mainnet,20117f692257b2331233b5705ce9c682be8719ff1b2b64cbca290bd6faeb54423eac064c740edd8701750063036f7264010118746578742f706c61696e3b636861727365743d7574662d3800357b2270223a226272632d3230222c226f70223a226d696e74222c227469636b223a22676d676e222c22616d74223a2231303030227d68,c1117f692257b2331233b5705ce9c682be8719ff1b2b64cbca290bd6faeb54423e,bc1ph95l3vtwsfyu5z56puc0dtfpljfmnvaskcpx3jqmsnxzlpmr0hhqskc0am,787999,public-sample-v0.1.0
648084e79cff299f3c3c017b8ee6c57a755edcedeef8d4679fad2429561d02f6,0,mainnet,20117f692257b2331233b5705ce9c682be8719ff1b2b64cbca290bd6faeb54423eac06e3ed03dd8701750063036f7264010118746578742f706c61696e3b636861727365743d7574662d3800357b2270223a226272632d3230222c226f70223a226d696e74222c227469636b223a22676d676e222c22616d74223a2231303030227d68,c1117f692257b2331233b5705ce9c682be8719ff1b2b64cbca290bd6faeb54423e,bc1plx2zdxgnwaqkrgy875hrm8uzmmhr5z9za0edqd2pwhsgf6v58rcshud4tj,787999,public-sample-v0.1.0
abd372dd56013f055b11c2d8a4aec5b1d6e019fc8887c2714f0eb40bdfa8c6f5,0,mainnet,20117f692257b2331233b5705ce9c682be8719ff1b2b64cbca290bd6faeb54423eac065b7000dd8701750063036f7264010118746578742f706c61696e3b636861727365743d7574662d3800357b2270223a226272632d3230222c226f70223a226d696e74222c227469636b223a22676d676e222c22616d74223a2231303030227d68,c0117f692257b2331233b5705ce9c682be8719ff1b2b64cbca290bd6faeb54423e,bc1pd9acdyqt0v2vrps35yuf3sk7cydcxvut8q3qejeynjhqus3t0rfq8xrd0l,787999,public-sample-v0.1.0
cac26dcb8b07860f2db9fd9d9e452fdca127e70e7d1ba7a22fa4ada5a0f88af4,0,mainnet,20117f692257b2331233b5705ce9c682be8719ff1b2b64cbca290bd6faeb54423eac066b4211dd8701750063036f7264010118746578742f706c61696e3b636861727365743d7574662d3800357b2270223a226272632d3230222c226f70223a226d696e74222c227469636b223a22676d676e222c22616d74223a2231303030227d68,c0117f692257b2331233b5705ce9c682be8719ff1b2b64cbca290bd6faeb54423e,bc1pkfqw65dmnq48ju9sqslyct0a6g9y32nr2aqt2pedadt3rqxec5wqsajv8k,787999,public-sample-v0.1.0
8abc2d4b265652daabcbf6b7380ebb8bf402fec995fa57ee6ceefa70e7b2cbf3,0,mainnet,20117f692257b2331233b5705ce9c682be8719ff1b2b64cbca290bd6faeb54423eac065e17f5dc8701750063036f7264010118746578742f706c61696e3b636861727365743d7574662d3800357b2270223a226272632d3230222c226f70223a226d696e74222c227469636b223a22676d676e222c22616d74223a2231303030227d68,c1117f692257b2331233b5705ce9c682be8719ff1b2b64cbca290bd6faeb54423e,bc1phdyta06ux73syka2adv75wmm9dsjvxus5m0ndval56dz39qfpq7qc6lhrm,787999,public-sample-v0.1.0
6d860fdae333c64e948471dbdc71edbbbdd0d92a0d25e349d26a0dbf751a87f3,0,mainnet,20117f692257b2331233b5705ce9c682be8719ff1b2b64cbca290bd6faeb54423eac06e88601dd8701750063036f7264010118746578742f706c61696e3b636861727365743d7574662d3800397b2270223a226272632d3230222c226f70223a227472616e73666572222c227469636b223a2278696e67222c22616d74223a2235303030227d68,c1117f692257b2331233b5705ce9c682be8719ff1b2b64cbca290bd6faeb54423e,bc1prqxjqhss6kfvru540834cssc9h6qvyq6nfedghsp8cal82n6lqzq0md0h0,787999,public-sample-v0.1.0
22dbdf0a1e11dcc1fdd679e4126422b885698343da47a3f492a0d5bbd80181f3,0,mainnet,20117f692257b2331233b5705ce9c682be8719ff1b2b64cbca290bd6faeb54423eac065b7000dd8701750063036f7264010118746578742f706c61696e3b636861727365743d7574662d3800357b2270223a226272632d3230222c226f70223a226d696e74222c227469636b223a22676d676e222c22616d74223a2231303030227d68,c0117f692257b2331233b5705ce9c682be8719ff1b2b64cbca290bd6faeb54423e,bc1pd9acdyqt0v2vrps35yuf3sk7cydcxvut8q3qejeynjhqus3t0rfq8xrd0l,787999,public-sample-v0.1.0
2f3a5a322fd016a5cb2e2d47f525190f54412a01839fef6213d9f9173cf6c8f2,0,mainnet,20117f692257b2331233b5705ce9c682be8719ff1b2b64cbca290bd6faeb54423eac064e8df2dc8701750063036f7264010118746578742f706c61696e3b636861727365743d7574662d3800357b2270223a226272632d3230222c226f70223a226d696e74222c227469636b223a22676d676e222c22616d74223a2231303030227d68,c0117f692257b2331233b5705ce9c682be8719ff1b2b64cbca290bd6faeb54423e,bc1ptfc9wxmj59k0avxrrangz4d0zn8yq9lpm0rwnnrs0ks9vxrx35zsj3vmuv,787999,public-sample-v0.1.0
cadbb4b90b365cb1546bafdcd0e1acbffe8d3bd7a54f1fd4efc603ef41fd03f2,0,mainnet,20117f692257b2331233b5705ce9c682be8719ff1b2b64cbca290bd6faeb54423eac06ef7809dd8701750063036f7264010118746578742f706c61696e3b636861727365743d7574662d3800327b2270223a226272632d3230222c226f70223a226d696e74222c227469636b223a22686f6c64222c22616d74223a2235227d68,c0117f692257b2331233b5705ce9c682be8719ff1b2b64cbca290bd6faeb54423e,bc1pm690ggx67ra08x556lgq4mn946nn3hryhrl8lpdnvgxqld59a8aqdl44lu,787999,public-sample-v0.1.0
598a0befd2b6107567399513ecc6384713f47920d3cff2247c4b2feb9c8400f2,0,mainnet,20117f692257b2331233b5705ce9c682be8719ff1b2b64cbca290bd6faeb54423eac06e3ed03dd8701750063036f7264010118746578742f706c61696e3b636861727365743d7574662d3800357b2270223a226272632d3230222c226f70223a226d696e74222c227469636b223a22676d676e222c22616d74223a2231303030227d68,c1117f692257b2331233b5705ce9c682be8719ff1b2b64cbca290bd6faeb54423e,bc1plx2zdxgnwaqkrgy875hrm8uzmmhr5z9za0edqd2pwhsgf6v58rcshud4tj,787999,public-sample-v0.1.0
7ee4d5e1bee00c39614243bf274b368bcdf2e9b36b630cce77adfaaf831483f1,0,mainnet,20117f692257b2331233b5705ce9c682be8719ff1b2b64cbca290bd6faeb54423eac065b7000dd8701750063036f7264010118746578742f706c61696e3b636861727365743d7574662d3800357b2270223a226272632d3230222c226f70223a226d696e74222c227469636b223a22676d676e222c22616d74223a2231303030227d68,c0117f692257b2331233b5705ce9c682be8719ff1b2b64cbca290bd6faeb54423e,bc1pd9acdyqt0v2vrps35yuf3sk7cydcxvut8q3qejeynjhqus3t0rfq8xrd0l,787999,public-sample-v0.1.0
bd1496432e5f645f8bb53977d800fa98a1623d65da35176eda8fbe7f5a9646f1,0,mainnet,20117f692257b2331233b5705ce9c682be8719ff1b2b64cbca290bd6faeb54423eac06f2a50cdd8701750063036f7264010118746578742f706c61696e3b636861727365743d7574662d3800357b2270223a226272632d3230222c226f70223a226d696e74222c227469636b223a22676d676e222c22616d74223a2231303030227d68,c1117f692257b2331233b5705ce9c682be8719ff1b2b64cbca290bd6faeb54423e,bc1pegsrvknfj5acltaweaf7ehu05v3nqg4sngzfwrumq9835pdgu4zq7ga8qq,787999,public-sample-v0.1.0
a68132a4e1aae510fbab2a98cfef80bbd1deac5a4ae9d0e831820eea8d590df0,0,mainnet,20117f692257b2331233b5705ce9c682be8719ff1b2b64cbca290bd6faeb54423eac064b97fbdc8701750063036f7264010118746578742f706c61696e3b636861727365743d7574662d3800357b2270223a226272632d3230222c226f70223a226d696e74222c227469636b223a22676d676e222c22616d74223a2231303030227d68,c1117f692257b2331233b5705ce9c682be8719ff1b2b64cbca290bd6faeb54423e,bc1ppfrmhjfdmwnmdcp3dvcrxd93h02qprcqrdzftzzfa692qnzwfswq9rku6w,787999,public-sample-v0.1.0
9e8bdc0852ccb11651e37ae53ab4126053aefb7ad46c3ff95a36751b128a02f0,0,mainnet,20117f692257b2331233b5705ce9c682be8719ff1b2b64cbca290bd6faeb54423eac067df701dd8701750063036f7264010118746578742f706c61696e3b636861727365743d7574662d3800397b2270223a226272632d3230222c226f70223a227472616e73666572222c227469636b223a2270697a61222c22616d74223a2233303030227d68,c1117f692257b2331233b5705ce9c682be8719ff1b2b64cbca290bd6faeb54423e,bc1plx8qenhffgrkeq45x293huz4cuf5yhadcnkzfyrgt7jcyn06mnwqj50c6f,787999,public-sample-v0.1.0
d9ed2c78d64d2ea84bda82edecbf7b816358ab8d26e402eb9aafccb533f3daef,0,mainnet,20117f692257b2331233b5705ce9c682be8719ff1b2b64cbca290bd6faeb54423eac06a4180bdd8701750063036f7264010118746578742f706c61696e3b636861727365743d7574662d3800357b2270223a226272632d3230222c226f70223a226d696e74222c227469636b223a22676d676e222c22616d74223a2231303030227d68,c0117f692257b2331233b5705ce9c682be8719ff1b2b64cbca290bd6faeb54423e,bc1peszrew8anr5kq93asx66az26y3a293e0vk0qjket6mtjlzf63l6splcahs,787999,public-sample-v0.1.0
9fb4fd6982ef388259bd56d8803158f11968438107acc28506dba6a7bfde12ef,0,mainnet,20117f692257b2331233b5705ce9c682be8719ff1b2b64cbca290bd6faeb54423eac066b4211dd8701750063036f7264010118746578742f706c61696e3b636861727365743d7574662d3800357b2270223a226272632d3230222c226f70223a226d696e74222c227469636b223a22676d676e222c22616d74223a2231303030227d68,c0117f692257b2331233b5705ce9c682be8719ff1b2b64cbca290bd6faeb54423e,bc1pkfqw65dmnq48ju9sqslyct0a6g9y32nr2aqt2pedadt3rqxec5wqsajv8k,787999,public-sample-v0.1.0
c7e953cff0e7bd5ca7c27b51c4544430d1fba3df64fbe1cd24f7cf7d1a3f07ef,0,mainnet,20117f692257b2331233b5705ce9c682be8719ff1b2b64cbca290bd6faeb54423eac064e8df2dc8701750063036f7264010118746578742f706c61696e3b636861727365743d7574662d3800357b2270223a226272632d3230222c226f70223a226d696e74222c227469636b223a22676d676e222c22616d74223a2231303030227d68,c0117f692257b2331233b5705ce9c682be8719ff1b2b64cbca290bd6faeb54423e,bc1ptfc9wxmj59k0avxrrangz4d0zn8yq9lpm0rwnnrs0ks9vxrx35zsj3vmuv,787999,public-sample-v0.1.0
6e3594c8439a81f40d7e1502400d55c1ae056bc20eff0a011e84692f05aae2ee,0,mainnet,20117f692257b2331233b5705ce9c682be8719ff1b2b64cbca290bd6faeb54423eac0607abf6dc8701750063036f7264010118746578742f706c61696e3b636861727365743d7574662d3800357b2270223a226272632d3230222c226f70223a226d696e74222c227469636b223a2258545241222c22616d74223a2235303030227d68,c1117f692257b2331233b5705ce9c682be8719ff1b2b64cbca290bd6faeb54423e,bc1pj7t0c2v6klfdmury547qnscgjyqpvmwmhtdqpalantdcaljdxzdsad2fgm,787999,public-sample-v0.1.0
7801a2a687f28dbdc2148cfd2adf400ff9fe2f2cd559136df2781ee0d14f98ee,0,mainnet,20117f692257b2331233b5705ce9c682be8719ff1b2b64cbca290bd6faeb54423eac06b94404dd8701750063036f7264010118746578742f706c61696e3b636861727365743d7574662d3800357b2270223a226272632d3230222c226f70223a226d696e74222c227469636b223a22676d676e222c22616d74223a2231303030227d68,c0117f692257b2331233b5705ce9c682be8719ff1b2b64cbca290bd6faeb54423e,bc1pjn3hs55989qfzf5k48fxxy3s8zfx5vyumr840kr4yphawkv5sknsrsdgq0,787999,public-sample-v0.1.0
50e9501dfc28291a3763d1d183f4ec85f884affeb50503e1e3253ea7369546ee,0,mainnet,20117f692257b2331233b5705ce9c682be8719ff1b2b64cbca290bd6faeb54423eac06c92e53de8701750063036f7264010118746578742f706c61696e3b636861727365743d7574662d3800357b2270223a226272632d3230222c226f70223a226d696e74222c227469636b223a2276646278222c22616d74223a2231303030227d68,c0117f692257b2331233b5705ce9c682be8719ff1b2b64cbca290bd6faeb54423e,bc1p6xkzw82kv53gjmc68sudwzz6nxh98fwt6c9va6s9cctf7gfu95aq8vh5vp,787999,public-sample-v0.1.0
a14393dac5d088725bad593926eedc31acacbebd5578e9b160c485ef405033ee,0,mainnet,20117f692257b2331233b5705ce9c682be8719ff1b2b64cbca290bd6faeb54423eac064e8df2dc8701750063036f7264010118746578742f706c61696e3b636861727365743d7574662d3800357b2270223a226272632d3230222c226f70223a226d696e74222c227469636b223a22676d676e222c22616d74223a2231303030227d68,c0117f692257b2331233b5705ce9c682be8719ff1b2b64cbca290bd6faeb54423e,bc1ptfc9wxmj59k0avxrrangz4d0zn8yq9lpm0rwnnrs0ks9vxrx35zsj3vmuv,787999,public-sample-v0.1.0
4d06ca05e0ea8f5378a803e1db7b99c2775be96d705add445e800cb50dae14ee,0,mainnet,20117f692257b2331233b5705ce9c682be8719ff1b2b64cbca290bd6faeb54423eac06c7e46ede8701750063036f7264010118746578742f706c61696e3b636861727365743d7574662d3800357b2270223a226272632d3230222c226f70223a226d696e74222c227469636b223a224d414741222c22616d74223a2232313030227d68,c1117f692257b2331233b5705ce9c682be8719ff1b2b64cbca290bd6faeb54423e,bc1pagacas832wzjsshw9efw2eew92lcgdaynxpf8jc5265cas0emgwstjpmjm,787999,public-sample-v0.1.0
1f6a448598d87d1b2b486e217687a269f8825bd5f134fd24b0e0fb8b594303ee,0,mainnet,20117f692257b2331233b5705ce9c682be8719ff1b2b64cbca290bd6faeb54423eac06c92e53de8701750063036f7264010118746578742f706c61696e3b636861727365743d7574662d3800357b2270223a226272632d3230222c226f70223a226d696e74222c227469636b223a2276646278222c22616d74223a2231303030227d68,c0117f692257b2331233b5705ce9c682be8719ff1b2b64cbca290bd6faeb54423e,bc1p6xkzw82kv53gjmc68sudwzz6nxh98fwt6c9va6s9cctf7gfu95aq8vh5vp,787999,public-sample-v0.1.0
887f76587ee61eea4d2e32db24726c11b61e72aa6318ce32aaa4cd0857134bed,0,mainnet,20117f692257b2331233b5705ce9c682be8719ff1b2b64cbca290bd6faeb54423eac06d098fcdc8701750063036f7264010118746578742f706c61696e3b636861727365743d7574662d3800357b2270223a226272632d3230222c226f70223a226d696e74222c227469636b223a22676d676e222c22616d74223a2231303030227d68,c1117f692257b2331233b5705ce9c682be8719ff1b2b64cbca290bd6faeb54423e,bc1pv73u28nzrl2m489x62am3c0yz7rcxe3h4f3zpxlwa8fxv5yhgs2q6ma5ku,787999,public-sample-v0.1.0
799785fee8cdd760b559bcd83a86a01ee188051080b30535b0559f325142a3ec,0,mainnet,20117f692257b2331233b5705ce9c682be8719ff1b2b64cbca290bd6faeb54423eac06d098fcdc8701750063036f7264010118746578742f706c61696e3b636861727365743d7574662d3800357b2270223a226272632d3230222c226f70223a226d696e74222c227469636b223a22676d676e222c22616d74223a2231303030227d68,c1117f692257b2331233b5705ce9c682be8719ff1b2b64cbca290bd6faeb54423e,bc1pv73u28nzrl2m489x62am3c0yz7rcxe3h4f3zpxlwa8fxv5yhgs2q6ma5ku,787999,public-sample-v0.1.0
bf5fcf1dfbb0f1890cd094e9ffffb07ce822c428c6ece741b7c10ab441ae29ec,0,mainnet,20117f692257b2331233b5705ce9c682be8719ff1b2b64cbca290bd6faeb54423eac06c7e46ede8701750063036f7264010118746578742f706c61696e3b636861727365743d7574662d3800357b2270223a226272632d3230222c226f70223a226d696e74222c227469636b223a224d414741222c22616d74223a2232313030227d68,c1117f692257b2331233b5705ce9c682be8719ff1b2b64cbca290bd6faeb54423e,bc1pagacas832wzjsshw9efw2eew92lcgdaynxpf8jc5265cas0emgwstjpmjm,787999,public-sample-v0.1.0
22bdb1fcea0331142ef7465338a8faaa183b702ef6c5ae4a3f1e46973414cdeb,0,mainnet,20117f692257b2331233b5705ce9c682be8719ff1b2b64cbca290bd6faeb54423eac065e17f5dc8701750063036f7264010118746578742f706c61696e3b636861727365743d7574662d3800357b2270223a226272632d3230222c226f70223a226d696e74222c227469636b223a22676d676e222c22616d74223a2231303030227d68,c1117f692257b2331233b5705ce9c682be8719ff1b2b64cbca290bd6faeb54423e,bc1phdyta06ux73syka2adv75wmm9dsjvxus5m0ndval56dz39qfpq7qc6lhrm,787999,public-sample-v0.1.0
4a5bd5291a22c09aedc58bcaa7a3f710c39cdbf2090510ae6639e7345d61b6eb,0,mainnet,20117f692257b2331233b5705ce9c682be8719ff1b2b64cbca290bd6faeb54423eac064e8df2dc8701750063036f7264010118746578742f706c61696e3b636861727365743d7574662d3800357b2270223a226272632d3230222c226f70223a226d696e74222c227469636b223a22676d676e222c22616d74223a2231303030227d68,c0117f692257b2331233b5705ce9c682be8719ff1b2b64cbca290bd6faeb54423e,bc1ptfc9wxmj59k0avxrrangz4d0zn8yq9lpm0rwnnrs0ks9vxrx35zsj3vmuv,787999,public-sample-v0.1.0
a83a7790e8a931b315c6e296d9f7fccd45e54af41b7a5df6020a8dc54f726beb,0,mainnet,20117f692257b2331233b5705ce9c682be8719ff1b2b64cbca290bd6faeb54423eac06d098fcdc8701750063036f7264010118746578742f706c61696e3b636861727365743d7574662d3800357b2270223a226272632d3230222c226f70223a226d696e74222c227469636b223a22676d676e222c22616d74223a2231303030227d68,c1117f692257b2331233b5705ce9c682be8719ff1b2b64cbca290bd6faeb54423e,bc1pv73u28nzrl2m489x62am3c0yz7rcxe3h4f3zpxlwa8fxv5yhgs2q6ma5ku,787999,public-sample-v0.1.0
491bc981ed4582201c55e0eb99285ae10126d5f7a86080916903b9bcd7bbe1ea,0,mainnet,20117f692257b2331233b5705ce9c682be8719ff1b2b64cbca290bd6faeb54423eac064e8df2dc8701750063036f7264010118746578742f706c61696e3b636861727365743d7574662d3800357b2270223a226272632d3230222c226f70223a226d696e74222c227469636b223a22676d676e222c22616d74223a2231303030227d68,c0117f692257b2331233b5705ce9c682be8719ff1b2b64cbca290bd6faeb54423e,bc1ptfc9wxmj59k0avxrrangz4d0zn8yq9lpm0rwnnrs0ks9vxrx35zsj3vmuv,787999,public-sample-v0.1.0
ac03aca1fd98342d2dcc1461748f6af037d8fa1aa264e21be931158aeeebc1e9,0,mainnet,20117f692257b2331233b5705ce9c682be8719ff1b2b64cbca290bd6faeb54423eac06f2a50cdd8701750063036f7264010118746578742f706c61696e3b636861727365743d7574662d3800357b2270223a226272632d3230222c226f70223a226d696e74222c227469636b223a22676d676e222c22616d74223a2231303030227d68,c1117f692257b2331233b5705ce9c682be8719ff1b2b64cbca290bd6faeb54423e,bc1pegsrvknfj5acltaweaf7ehu05v3nqg4sngzfwrumq9835pdgu4zq7ga8qq,787999,public-sample-v0.1.0
8489706dfd07b61e87d17598c3eb65c37c3ed41c8c9ee5be13dae959888995e8,0,mainnet,20117f692257b2331233b5705ce9c682be8719ff1b2b64cbca290bd6faeb54423eac063188f7dc8701750063036f7264010118746578742f706c61696e3b636861727365743d7574662d3800357b2270223a226272632d3230222c226f70223a226d696e74222c227469636b223a22676d676e222c22616d74223a2231303030227d68,c0117f692257b2331233b5705ce9c682be8719ff1b2b64cbca290bd6faeb54423e,bc1pa30gd0r3m3zvvpzs0vszjvj7ghq048mplrymq8fn76hra6ejc0gs649n2u,787999,public-sample-v0.1.0
e6fa2cc4c91be375eedeb8a462c9634211f490c5e1ec8906d516fda6ba1358e8,0,mainnet,20117f692257b2331233b5705ce9c682be8719ff1b2b64cbca290bd6faeb54423eac06ef7809dd8701750063036f7264010118746578742f706c61696e3b636861727365743d7574662d3800327b2270223a226272632d3230222c226f70223a226d696e74222c227469636b223a22686f6c64222c22616d74223a2235227d68,c0117f692257b2331233b5705ce9c682be8719ff1b2b64cbca290bd6faeb54423e,bc1pm690ggx67ra08x556lgq4mn946nn3hryhrl8lpdnvgxqld59a8aqdl44lu,787999,public-sample-v0.1.0
08112ac5c2918f47be9e3f2a40ff7f75956c47ce8a36b431d9a56ef62d0d74e7,0,mainnet,20117f692257b2331233b5705ce9c682be8719ff1b2b64cbca290bd6faeb54423eac065ca0ffdc8701750063036f7264010118746578742f706c61696e3b636861727365743d7574662d3800357b2270223a226272632d3230222c226f70223a226d696e74222c227469636b223a22676d676e222c22616d74223a2231303030227d68,c1117f692257b2331233b5705ce9c682be8719ff1b2b64cbca290bd6faeb54423e,bc1pwzp4q7mna2q505ec3kj69q3jkcfej2he3fw6m530u5rtw2rr9h5q07qulg,787999,public-sample-v0.1.0
7b8025588c4685e7964e91a09bf4155b91d8260de9825720ef5358526342ece5,0,mainnet,20117f692257b2331233b5705ce9c682be8719ff1b2b64cbca290bd6faeb54423eac06341907dd8701750063036f7264010118746578742f706c61696e3b636861727365743d7574662d3800357b2270223a226272632d3230222c226f70223a226d696e74222c227469636b223a22676d676e222c22616d74223a2231303030227d68,c1117f692257b2331233b5705ce9c682be8719ff1b2b64cbca290bd6faeb54423e,bc1pjhzjj4pqhxw8szz94uy8qa4lj84kkmggga9lmmldglkwgfef822sf90czx,787999,public-sample-v0.1.0
6baf86f3cba4dc0b5e8ffb1f29ab4a204bad0efd13a59e271d6c3ce265c094e5,0,mainnet,20117f692257b2331233b5705ce9c682be8719ff1b2b64cbca290bd6faeb54423eac063b6bffdc8701750063036f7264010118746578742f706c61696e3b636861727365743d7574662d3800357b2270223a226272632d3230222c226f70223a226d696e74222c227469636b223a22676d676e222c22616d74223a2231303030227d68,c1117f692257b2331233b5705ce9c682be8719ff1b2b64cbca290bd6faeb54423e,bc1per77k5hea4v5gv69jjazllajzlqlhlkx67l96f45qm44ymsw4rsqfhss6h,787999,public-sample-v0.1.0
f73a13969a37c73a469c0e117105e6079c65565498c2f2cc15a0069a57a337e5,0,mainnet,20117f692257b2331233b5705ce9c682be8719ff1b2b64cbca290bd6faeb54423eac064e8df2dc8701750063036f7264010118746578742f706c61696e3b636861727365743d7574662d3800357b2270223a226272632d3230222c226f70223a226d696e74222c227469636b223a22676d676e222c22616d74223a2231303030227d68,c0117f692257b2331233b5705ce9c682be8719ff1b2b64cbca290bd6faeb54423e,bc1ptfc9wxmj59k0avxrrangz4d0zn8yq9lpm0rwnnrs0ks9vxrx35zsj3vmuv,787999,public-sample-v0.1.0
ee6a6177dad0a3b8e25ae3eb0e0d79e396dec0a5209310047883a1460a00aae4,0,mainnet,20117f692257b2331233b5705ce9c682be8719ff1b2b64cbca290bd6faeb54423eac06c7e46ede8701750063036f7264010118746578742f706c61696e3b636861727365743d7574662d3800357b2270223a226272632d3230222c226f70223a226d696e74222c227469636b223a224d414741222c22616d74223a2232313030227d68,c1117f692257b2331233b5705ce9c682be8719ff1b2b64cbca290bd6faeb54423e,bc1pagacas832wzjsshw9efw2eew92lcgdaynxpf8jc5265cas0emgwstjpmjm,787999,public-sample-v0.1.0
058cfaf53a003295bd062d7e0c78468c3cd590e8d9553def3652a5976a6379e4,0,mainnet,20117f692257b2331233b5705ce9c682be8719ff1b2b64cbca290bd6faeb54423eac06f2a50cdd8701750063036f7264010118746578742f706c61696e3b636861727365743d7574662d3800357b2270223a226272632d3230222c226f70223a226d696e74222c227469636b223a22676d676e222c22616d74223a2231303030227d68,c1117f692257b2331233b5705ce9c682be8719ff1b2b64cbca290bd6faeb54423e,bc1pegsrvknfj5acltaweaf7ehu05v3nqg4sngzfwrumq9835pdgu4zq7ga8qq,787999,public-sample-v0.1.0
850bfd6add8dde13947c802c75429c450bace43e5f9f672eddd25760bf8132e4,0,mainnet,20117f692257b2331233b5705ce9c682be8719ff1b2b64cbca290bd6faeb54423eac064e8df2dc8701750063036f7264010118746578742f706c61696e3b636861727365743d7574662d3800357b2270223a226272632d3230222c226f70223a226d696e74222c227469636b223a22676d676e222c22616d74223a2231303030227d68,c0117f692257b2331233b5705ce9c682be8719ff1b2b64cbca290bd6faeb54423e,bc1ptfc9wxmj59k0avxrrangz4d0zn8yq9lpm0rwnnrs0ks9vxrx35zsj3vmuv,787999,public-sample-v0.1.0
022af9d475c311eb5895d08dee5a3e38be63b9a4672193ac10d2b945a400c1e3,0,mainnet,20117f692257b2331233b5705ce9c682be8719ff1b2b64cbca290bd6faeb54423eac06f717f7dc8701750063036f7264010118746578742f706c61696e3b636861727365743d7574662d3800357b2270223a226272632d3230222c226f70223a226d696e74222c227469636b223a22676d676e222c22616d74223a2231303030227d68,c0117f692257b2331233b5705ce9c682be8719ff1b2b64cbca290bd6faeb54423e,bc1pwksq6l78uy2cxfke0pr434xvkdlvh5lr26znr6lunqyq2xrvkmws9cz8n0,787999,public-sample-v0.1.0
bcb13114c671e351bdde429f561de8a1572f11692331eaf40c0234129acdbee2,0,mainnet,20117f692257b2331233b5705ce9c682be8719ff1b2b64cbca290bd6faeb54423eac06c7e46ede8701750063036f7264010118746578742f706c61696e3b636861727365743d7574662d3800357b2270223a226272632d3230222c226f70223a226d696e74222c227469636b223a224d414741222c22616d74223a2232313030227d68,c1117f692257b2331233b5705ce9c682be8719ff1b2b64cbca290bd6faeb54423e,bc1pagacas832wzjsshw9efw2eew92lcgdaynxpf8jc5265cas0emgwstjpmjm,787999,public-sample-v0.1.0
70574e0e86a2c4ad55da389e64711d27532e6bd18b272655b6598d821ca28ae2,0,mainnet,20117f692257b2331233b5705ce9c682be8719ff1b2b64cbca290bd6faeb54423eac06f717f7dc8701750063036f7264010118746578742f706c61696e3b636861727365743d7574662d3800357b2270223a226272632d3230222c226f70223a226d696e74222c227469636b223a22676d676e222c22616d74223a2231303030227d68,c0117f692257b2331233b5705ce9c682be8719ff1b2b64cbca290bd6faeb54423e,bc1pwksq6l78uy2cxfke0pr434xvkdlvh5lr26znr6lunqyq2xrvkmws9cz8n0,787999,public-sample-v0.1.0
86554c5ba1ff5140f84a095490884aac7e358534e8843896ca0616209aba41e2,0,mainnet,20117f692257b2331233b5705ce9c682be8719ff1b2b64cbca290bd6faeb54423eac06ef7809dd8701750063036f7264010118746578742f706c61696e3b636861727365743d7574662d3800327b2270223a226272632d3230222c226f70223a226d696e74222c227469636b223a22686f6c64222c22616d74223a2235227d68,c0117f692257b2331233b5705ce9c682be8719ff1b2b64cbca290bd6faeb54423e,bc1pm690ggx67ra08x556lgq4mn946nn3hryhrl8lpdnvgxqld59a8aqdl44lu,787999,public-sample-v0.1.0
3ad1b13b860f1a60fe580a60c8a6962c0f054c2244594b21b6cd100f11943ae2,0,mainnet,20117f692257b2331233b5705ce9c682be8719ff1b2b64cbca290bd6faeb54423eac0668210cdd8701750063036f7264010118746578742f706c61696e3b636861727365743d7574662d3800357b2270223a226272632d3230222c226f70223a226d696e74222c227469636b223a22676d676e222c22616d74223a2231303030227d68,c0117f692257b2331233b5705ce9c682be8719ff1b2b64cbca290bd6faeb54423e,bc1pstarcmvpxpw0wdcvtk9pvfuycguuzl2rdfn8huamsvg9wtnlhkuq7s40pt,787999,public-sample-v0.1.0
d03a127cb069b53a169b641682fc3a9b4bb99caf4bf9f1c3d36614e94af29be1,0,mainnet,20117f692257b2331233b5705ce9c682be8719ff1b2b64cbca290bd6faeb54423eac06581b04dd8701750063036f7264010118746578742f706c61696e3b636861727365743d7574662d3800357b2270223a226272632d3230222c226f70223a226d696e74222c227469636b223a22676d676e222c22616d74223a2231303030227d68,c0117f692257b2331233b5705ce9c682be8719ff1b2b64cbca290bd6faeb54423e,bc1pk868cals792v4hsd7r4ajh0w0cel3lssm4nrwt88nzufn6e4qptsepnhs3,787999,public-sample-v0.1.0
7edc746b9f6ed6166b3fbd7ba559ea86162cb0fbabd823aacc9e803dda4e92e1,0,mainnet,20117f692257b2331233b5705ce9c682be8719ff1b2b64cbca290bd6faeb54423eac0668210cdd8701750063036f7264010118746578742f706c61696e3b636861727365743d7574662d3800357b2270223a226272632d3230222c226f70223a226d696e74222c227469636b223a22676d676e222c22616d74223a2231303030227d68,c0117f692257b2331233b5705ce9c682be8719ff1b2b64cbca290bd6faeb54423e,bc1pstarcmvpxpw0wdcvtk9pvfuycguuzl2rdfn8huamsvg9wtnlhkuq7s40pt,787999,public-sample-v0.1.0
832257c8807cb38c06c61f370e459ef11b3761e7458becb9a145ed361c1c77e1,0,mainnet,20117f692257b2331233b5705ce9c682be8719ff1b2b64cbca290bd6faeb54423eac063b6bffdc8701750063036f7264010118746578742f706c61696e3b636861727365743d7574662d3800357b2270223a226272632d3230222c226f70223a226d696e74222c227469636b223a22676d676e222c22616d74223a2231303030227d68,c1117f692257b2331233b5705ce9c682be8719ff1b2b64cbca290bd6faeb54423e,bc1per77k5hea4v5gv69jjazllajzlqlhlkx67l96f45qm44ymsw4rsqfhss6h,787999,public-sample-v0.1.0
cc369e65edfb1bdbefce84a48f3cca6e692cef74f6ee931d5a8298bacda13de1,0,mainnet,20117f692257b2331233b5705ce9c682be8719ff1b2b64cbca290bd6faeb54423eac06f717f7dc8701750063036f7264010118746578742f706c61696e3b636861727365743d7574662d3800357b2270223a226272632d3230222c226f70223a226d696e74222c227469636b223a22676d676e222c22616d74223a2231303030227d68,c0117f692257b2331233b5705ce9c682be8719ff1b2b64cbca290bd6faeb54423e,bc1pwksq6l78uy2cxfke0pr434xvkdlvh5lr26znr6lunqyq2xrvkmws9cz8n0,787999,public-sample-v0.1.0
97e373381689f7b6b168601f933fdb46e2461937ddce78dd5dcbb5280b79e8df,0,mainnet,20117f692257b2331233b5705ce9c682be8719ff1b2b64cbca290bd6faeb54423eac06581b04dd8701750063036f7264010118746578742f706c61696e3b636861727365743d7574662d3800357b2270223a226272632d3230222c226f70223a226d696e74222c227469636b223a22676d676e222c22616d74223a2231303030227d68,c0117f692257b2331233b5705ce9c682be8719ff1b2b64cbca290bd6faeb54423e,bc1pk868cals792v4hsd7r4ajh0w0cel3lssm4nrwt88nzufn6e4qptsepnhs3,787999,public-sample-v0.1.0
7d13bb3c9d85a766c30a1390503d7bd16502e63f53850d5551e21aef863b41df,0,mainnet,20117f692257b2331233b5705ce9c682be8719ff1b2b64cbca290bd6faeb54423eac06bdc3fcdc8701750063036f7264010118746578742f706c61696e3b636861727365743d7574662d3800357b2270223a226272632d3230222c226f70223a226d696e74222c227469636b223a22676d676e222c22616d74223a2231303030227d68,c0117f692257b2331233b5705ce9c682be8719ff1b2b64cbca290bd6faeb54423e,bc1pu0cphdh7r6thqyjl3qqm0a6grdxah6lsd6qddhayw0pr4ahlhltqde6q5j,787999,public-sample-v0.1.0
4357286d1988e2e08dc5177eed6beda894dd987a1c1b82540713c96112a701df,0,mainnet,20117f692257b2331233b5705ce9c682be8719ff1b2b64cbca290bd6faeb54423eac06b94404dd8701750063036f7264010118746578742f706c61696e3b636861727365743d7574662d3800357b2270223a226272632d3230222c226f70223a226d696e74222c227469636b223a22676d676e222c22616d74223a2231303030227d68,c0117f692257b2331233b5705ce9c682be8719ff1b2b64cbca290bd6faeb54423e,bc1pjn3hs55989qfzf5k48fxxy3s8zfx5vyumr840kr4yphawkv5sknsrsdgq0,787999,public-sample-v0.1.0
f97e6af8f0e1bf659ace24f0001298c6de8329421b029e1d9fdbc95fd6a018de,0,mainnet,20117f692257b2331233b5705ce9c682be8719ff1b2b64cbca290bd6faeb54423eac066b4211dd8701750063036f7264010118746578742f706c61696e3b636861727365743d7574662d3800357b2270223a226272632d3230222c226f70223a226d696e74222c227469636b223a22676d676e222c22616d74223a2231303030227d68,c0117f692257b2331233b5705ce9c682be8719ff1b2b64cbca290bd6faeb54423e,bc1pkfqw65dmnq48ju9sqslyct0a6g9y32nr2aqt2pedadt3rqxec5wqsajv8k,787999,public-sample-v0.1.0
3c590a2a7ae706751c6366d904dfd8c121629481762c299327afb52fb58716de,0,mainnet,20117f692257b2331233b5705ce9c682be8719ff1b2b64cbca290bd6faeb54423eac061e4cfcdc8701750063036f7264010118746578742f706c61696e3b636861727365743d7574662d3800357b2270223a226272632d3230222c226f70223a226d696e74222c227469636b223a22676d676e222c22616d74223a2231303030227d68,c1117f692257b2331233b5705ce9c682be8719ff1b2b64cbca290bd6faeb54423e,bc1p73rs67rplfl4vmc4u3v3yewtcyyh0mjhfr9937jfmqpshzvtpe2sa4q7zp,787999,public-sample-v0.1.0
f878f1bbf0d34a383bdedb94f6eaa7e6cba8557062543b3ba56d9ac68b87f5dd,0,mainnet,20117f692257b2331233b5705ce9c682be8719ff1b2b64cbca290bd6faeb54423eac06d098fcdc8701750063036f7264010118746578742f706c61696e3b636861727365743d7574662d3800357b2270223a226272632d3230222c226f70223a226d696e74222c227469636b223a22676d676e222c22616d74223a2231303030227d68,c1117f692257b2331233b5705ce9c682be8719ff1b2b64cbca290bd6faeb54423e,bc1pv73u28nzrl2m489x62am3c0yz7rcxe3h4f3zpxlwa8fxv5yhgs2q6ma5ku,787999,public-sample-v0.1.0
7fe42f5891cbe3583a574ea9d4fd26edef71f5949d050a3a1983a6cc1e143add,0,mainnet,20117f692257b2331233b5705ce9c682be8719ff1b2b64cbca290bd6faeb54423eac06d098fcdc8701750063036f7264010118746578742f706c61696e3b636861727365743d7574662d3800357b2270223a226272632d3230222c226f70223a226d696e74222c227469636b223a22676d676e222c22616d74223a2231303030227d68,c1117f692257b2331233b5705ce9c682be8719ff1b2b64cbca290bd6faeb54423e,bc1pv73u28nzrl2m489x62am3c0yz7rcxe3h4f3zpxlwa8fxv5yhgs2q6ma5ku,787999,public-sample-v0.1.0
4e6dd01edb34abc10ef9a71ce6c38ed814138c78c7d752d1079ae4c3db8801dd,0,mainnet,20117f692257b2331233b5705ce9c682be8719ff1b2b64cbca290bd6faeb54423eac064b97fbdc8701750063036f7264010118746578742f706c61696e3b636861727365743d7574662d3800357b2270223a226272632d3230222c226f70223a226d696e74222c227469636b223a22676d676e222c22616d74223a2231303030227d68,c1117f692257b2331233b5705ce9c682be8719ff1b2b64cbca290bd6faeb54423e,bc1ppfrmhjfdmwnmdcp3dvcrxd93h02qprcqrdzftzzfa692qnzwfswq9rku6w,787999,public-sample-v0.1.0
96e64eb9a6d6bd43ddb87c3e3aabe432e874c4af2e8900a238c35777f521b2dc,0,mainnet,20117f692257b2331233b5705ce9c682be8719ff1b2b64cbca290bd6faeb54423eac064b97fbdc8701750063036f7264010118746578742f706c61696e3b636861727365743d7574662d3800357b2270223a226272632d3230222c226f70223a226d696e74222c227469636b223a22676d676e222c22616d74223a2231303030227d68,c1117f692257b2331233b5705ce9c682be8719ff1b2b64cbca290bd6faeb54423e,bc1ppfrmhjfdmwnmdcp3dvcrxd93h02qprcqrdzftzzfa692qnzwfswq9rku6w,787999,public-sample-v0.1.0
f3664b11e9cc610d5c68758a5562543b6760cb8979136b494668678770d303dc,0,mainnet,20117f692257b2331233b5705ce9c682be8719ff1b2b64cbca290bd6faeb54423eac06f717f7dc8701750063036f7264010118746578742f706c61696e3b636861727365743d7574662d3800357b2270223a226272632d3230222c226f70223a226d696e74222c227469636b223a22676d676e222c22616d74223a2231303030227d68,c0117f692257b2331233b5705ce9c682be8719ff1b2b64cbca290bd6faeb54423e,bc1pwksq6l78uy2cxfke0pr434xvkdlvh5lr26znr6lunqyq2xrvkmws9cz8n0,787999,public-sample-v0.1.0
173ed8b7b7468f321ec801872d7f3c5c2de0a2a33d61b200145868a23e8b67d9,0,mainnet,20117f692257b2331233b5705ce9c682be8719ff1b2b64cbca290bd6faeb54423eac06a603fddc8701750063036f7264010118746578742f706c61696e3b636861727365743d7574662d3800357b2270223a226272632d3230222c226f70223a226d696e74222c227469636b223a22676d676e222c22616d74223a2231303030227d68,c0117f692257b2331233b5705ce9c682be8719ff1b2b64cbca290bd6faeb54423e,bc1pnay00gxnmx25qv880ldr5updje5z8yf058aua8apr5qyrydle2dqpsjwrc,787999,public-sample-v0.1.0
701d611ecab6e627a793dce188558bcf1b7b28e4b41240b45cc6eccd2214cdd6,0,mainnet,20117f692257b2331233b5705ce9c682be8719ff1b2b64cbca290bd6faeb54423eac063b6bffdc8701750063036f7264010118746578742f706c61696e3b636861727365743d7574662d3800357b2270223a226272632d3230222c226f70223a226d696e74222c227469636b223a22676d676e222c22616d74223a2231303030227d68,c1117f692257b2331233b5705ce9c682be8719ff1b2b64cbca290bd6faeb54423e,bc1per77k5hea4v5gv69jjazllajzlqlhlkx67l96f45qm44ymsw4rsqfhss6h,787999,public-sample-v0.1.0
8207d5f3959c20584bb4b9b14bfb3c52a25e4d0a08da45fe7d2e3b0b5ec3c6d6,0,mainnet,20117f692257b2331233b5705ce9c682be8719ff1b2b64cbca290bd6faeb54423eac064e8df2dc8701750063036f7264010118746578742f706c61696e3b636861727365743d7574662d3800357b2270223a226272632d3230222c226f70223a226d696e74222c227469636b223a22676d676e222c22616d74223a2231303030227d68,c0117f692257b2331233b5705ce9c682be8719ff1b2b64cbca290bd6faeb54423e,bc1ptfc9wxmj59k0avxrrangz4d0zn8yq9lpm0rwnnrs0ks9vxrx35zsj3vmuv,787999,public-sample-v0.1.0
a2a0924fd021e7653f20934f959e2027a33b63b308690dfda0d19b52f648b9d4,0,mainnet,20117f692257b2331233b5705ce9c682be8719ff1b2b64cbca290bd6faeb54423eac06c7e46ede8701750063036f7264010118746578742f706c61696e3b636861727365743d7574662d3800357b2270223a226272632d3230222c226f70223a226d696e74222c227469636b223a224d414741222c22616d74223a2232313030227d68,c1117f692257b2331233b5705ce9c682be8719ff1b2b64cbca290bd6faeb54423e,bc1pagacas832wzjsshw9efw2eew92lcgdaynxpf8jc5265cas0emgwstjpmjm,787999,public-sample-v0.1.0
912d7e7d85c4533585d05078387a3b092ad8436253d26ce73e93f70f840e88d4,0,mainnet,20117f692257b2331233b5705ce9c682be8719ff1b2b64cbca290bd6faeb54423eac065b7000dd8701750063036f7264010118746578742f706c61696e3b636861727365743d7574662d3800357b2270223a226272632d3230222c226f70223a226d696e74222c227469636b223a22676d676e222c22616d74223a2231303030227d68,c0117f692257b2331233b5705ce9c682be8719ff1b2b64cbca290bd6faeb54423e,bc1pd9acdyqt0v2vrps35yuf3sk7cydcxvut8q3qejeynjhqus3t0rfq8xrd0l,787999,public-sample-v0.1.0
ecbe1fa5e85c74ba18884dd67cdb3b4bf550e2c8bebe589bfd380b1ae50687d4,0,mainnet,20117f692257b2331233b5705ce9c682be8719ff1b2b64cbca290bd6faeb54423eac0668210cdd8701750063036f7264010118746578742f706c61696e3b636861727365743d7574662d3800357b2270223a226272632d3230222c226f70223a226d696e74222c227469636b223a22676d676e222c22616d74223a2231303030227d68,c0117f692257b2331233b5705ce9c682be8719ff1b2b64cbca290bd6faeb54423e,bc1pstarcmvpxpw0wdcvtk9pvfuycguuzl2rdfn8huamsvg9wtnlhkuq7s40pt,787999,public-sample-v0.1.0
bbcfa03ec042d5865b48781f8ceb882a71a362170bee74feaf401a303e7addd3,0,mainnet,20117f692257b2331233b5705ce9c682be8719ff1b2b64cbca290bd6faeb54423eac06bdc3fcdc8701750063036f7264010118746578742f706c61696e3b636861727365743d7574662d3800357b2270223a226272632d3230222c226f70223a226d696e74222c227469636b223a22676d676e222c22616d74223a2231303030227d68,c0117f692257b2331233b5705ce9c682be8719ff1b2b64cbca290bd6faeb54423e,bc1pu0cphdh7r6thqyjl3qqm0a6grdxah6lsd6qddhayw0pr4ahlhltqde6q5j,787999,public-sample-v0.1.0
f09fc54c7466c7684ae8af988c1acb71669d5744f42999e3d0c664a1cc845cd3,0,mainnet,20117f692257b2331233b5705ce9c682be8719ff1b2b64cbca290bd6faeb54423eac064b97fbdc8701750063036f7264010118746578742f706c61696e3b636861727365743d7574662d3800357b2270223a226272632d3230222c226f70223a226d696e74222c227469636b223a22676d676e222c22616d74223a2231303030227d68,c1117f692257b2331233b5705ce9c682be8719ff1b2b64cbca290bd6faeb54423e,bc1ppfrmhjfdmwnmdcp3dvcrxd93h02qprcqrdzftzzfa692qnzwfswq9rku6w,787999,public-sample-v0.1.0
84ab72e42e64a6d5258f304a26c79f19e146bc9c7ad2c6539a8c2ec956e5fbd2,0,mainnet,20117f692257b2331233b5705ce9c682be8719ff1b2b64cbca290bd6faeb54423eac06c7e46ede8701750063036f7264010118746578742f706c61696e3b636861727365743d7574662d3800357b2270223a226272632d3230222c226f70223a226d696e74222c227469636b223a224d414741222c22616d74223a2232313030227d68,c1117f692257b2331233b5705ce9c682be8719ff1b2b64cbca290bd6faeb54423e,bc1pagacas832wzjsshw9efw2eew92lcgdaynxpf8jc5265cas0emgwstjpmjm,787999,public-sample-v0.1.0
3c2060ad3629a242fe6ce3e56c9ca7186d9651d9818bf4784bac3975c7ee8fd2,0,mainnet,20117f692257b2331233b5705ce9c682be8719ff1b2b64cbca290bd6faeb54423eac064b97fbdc8701750063036f7264010118746578742f706c61696e3b636861727365743d7574662d3800357b2270223a226272632d3230222c226f70223a226d696e74222c227469636b223a22676d676e222c22616d74223a2231303030227d68,c1117f692257b2331233b5705ce9c682be8719ff1b2b64cbca290bd6faeb54423e,bc1ppfrmhjfdmwnmdcp3dvcrxd93h02qprcqrdzftzzfa692qnzwfswq9rku6w,787999,public-sample-v0.1.0
4c44b8f699c3d97a4ae78a5fc3acfd0036b100850b900b3c94fe4c6c509d63d2,0,mainnet,20117f692257b2331233b5705ce9c682be8719ff1b2b64cbca290bd6faeb54423eac06ef7809dd8701750063036f7264010118746578742f706c61696e3b636861727365743d7574662d3800327b2270223a226272632d3230222c226f70223a226d696e74222c227469636b223a22686f6c64222c22616d74223a2235227d68,c0117f692257b2331233b5705ce9c682be8719ff1b2b64cbca290bd6faeb54423e,bc1pm690ggx67ra08x556lgq4mn946nn3hryhrl8lpdnvgxqld59a8aqdl44lu,787999,public-sample-v0.1.0
22366c9b9c6ed17ca096efb22b510ce68acd81772851e524b6e547c18d6653d2,0,mainnet,20117f692257b2331233b5705ce9c682be8719ff1b2b64cbca290bd6faeb54423eac066b4211dd8701750063036f7264010118746578742f706c61696e3b636861727365743d7574662d3800357b2270223a226272632d3230222c226f70223a226d696e74222c227469636b223a22676d676e222c22616d74223a2231303030227d68,c0117f692257b2331233b5705ce9c682be8719ff1b2b64cbca290bd6faeb54423e,bc1pkfqw65dmnq48ju9sqslyct0a6g9y32nr2aqt2pedadt3rqxec5wqsajv8k,787999,public-sample-v0.1.0
e5fb9aeac121c7e66ada4eaa749c72ad99c365f68170f0c6f7f183edd6a9f6cf,0,mainnet,20117f692257b2331233b5705ce9c682be8719ff1b2b64cbca290bd6faeb54423eac064c740edd8701750063036f7264010118746578742f706c61696e3b636861727365743d7574662d3800357b2270223a226272632d3230222c226f70223a226d696e74222c227469636b223a22676d676e222c22616d74223a2231303030227d68,c1117f692257b2331233b5705ce9c682be8719ff1b2b64cbca290bd6faeb54423e,bc1ph95l3vtwsfyu5z56puc0dtfpljfmnvaskcpx3jqmsnxzlpmr0hhqskc0am,787999,public-sample-v0.1.0
8242e37c09b60af1105bc5ef4afa8c119cd9469f5537cae9ea5fb8a1bdd6b2cf,0,mainnet,20117f692257b2331233b5705ce9c682be8719ff1b2b64cbca290bd6faeb54423eac0668210cdd8701750063036f7264010118746578742f706c61696e3b636861727365743d7574662d3800357b2270223a226272632d3230222c226f70223a226d696e74222c227469636b223a22676d676e222c22616d74223a2231303030227d68,c0117f692257b2331233b5705ce9c682be8719ff1b2b64cbca290bd6faeb54423e,bc1pstarcmvpxpw0wdcvtk9pvfuycguuzl2rdfn8huamsvg9wtnlhkuq7s40pt,787999,public-sample-v0.1.0
a5585026897fee7f398914a27123b0be42a311ab7bc92d17e3cc1650776c23cf,0,mainnet,20117f692257b2331233b5705ce9c682be8719ff1b2b64cbca290bd6faeb54423eac066b4211dd8701750063036f7264010118746578742f706c61696e3b636861727365743d7574662d3800357b2270223a226272632d3230222c226f70223a226d696e74222c227469636b223a22676d676e222c22616d74223a2231303030227d68,c0117f692257b2331233b5705ce9c682be8719ff1b2b64cbca290bd6faeb54423e,bc1pkfqw65dmnq48ju9sqslyct0a6g9y32nr2aqt2pedadt3rqxec5wqsajv8k,787999,public-sample-v0.1.0
9128dd2668ba448e0895744b9fc9a24a1e952a729bee943f587d3cb1216696ce,0,mainnet,20117f692257b2331233b5705ce9c682be8719ff1b2b64cbca290bd6faeb54423eac066b4211dd8701750063036f7264010118746578742f706c61696e3b636861727365743d7574662d3800357b2270223a226272632d3230222c226f70223a226d696e74222c227469636b223a22676d676e222c22616d74223a2231303030227d68,c0117f692257b2331233b5705ce9c682be8719ff1b2b64cbca290bd6faeb54423e,bc1pkfqw65dmnq48ju9sqslyct0a6g9y32nr2aqt2pedadt3rqxec5wqsajv8k,787999,public-sample-v0.1.0
7716a1ee4b5fafa88e115057e20843ddd06119bba1b77c974a4d3a45a5925fce,0,mainnet,20117f692257b2331233b5705ce9c682be8719ff1b2b64cbca290bd6faeb54423eac064e8df2dc8701750063036f7264010118746578742f706c61696e3b636861727365743d7574662d3800357b2270223a226272632d3230222c226f70223a226d696e74222c227469636b223a22676d676e222c22616d74223a2231303030227d68,c0117f692257b2331233b5705ce9c682be8719ff1b2b64cbca290bd6faeb54423e,bc1ptfc9wxmj59k0avxrrangz4d0zn8yq9lpm0rwnnrs0ks9vxrx35zsj3vmuv,787999,public-sample-v0.1.0
143ca6098eb3e37e29785b52f0b3df22edd4c1701f877302dd31a2e660a5d3cd,0,mainnet,20117f692257b2331233b5705ce9c682be8719ff1b2b64cbca290bd6faeb54423eac06f2a50cdd8701750063036f7264010118746578742f706c61696e3b636861727365743d7574662d3800357b2270223a226272632d3230222c226f70223a226d696e74222c227469636b223a22676d676e222c22616d74223a2231303030227d68,c1117f692257b2331233b5705ce9c682be8719ff1b2b64cbca290bd6faeb54423e,bc1pegsrvknfj5acltaweaf7ehu05v3nqg4sngzfwrumq9835pdgu4zq7ga8qq,787999,public-sample-v0.1.0
08d08aa3553925a57b34457537bebe67599f2fc6abf6c28e52f1095b6eeb90cd,0,mainnet,20117f692257b2331233b5705ce9c682be8719ff1b2b64cbca290bd6faeb54423eac0654b6ffdc8701750063036f7264010118746578742f706c61696e3b636861727365743d7574662d3800357b2270223a226272632d3230222c226f70223a226d696e74222c227469636b223a22676d676e222c22616d74223a2231303030227d68,c1117f692257b2331233b5705ce9c682be8719ff1b2b64cbca290bd6faeb54423e,bc1p97wde084z3k9vsrh4jfsgdl34u8g4k0mvrteg5p5n5f2qrcyhcss2gsc75,787999,public-sample-v0.1.0
19c5bff776be70106285d111f217c3b4beb88c49d421631147f87be1919ad7cc,0,mainnet,20117f692257b2331233b5705ce9c682be8719ff1b2b64cbca290bd6faeb54423eac06a4180bdd8701750063036f7264010118746578742f706c61696e3b636861727365743d7574662d3800357b2270223a226272632d3230222c226f70223a226d696e74222c227469636b223a22676d676e222c22616d74223a2231303030227d68,c0117f692257b2331233b5705ce9c682be8719ff1b2b64cbca290bd6faeb54423e,bc1peszrew8anr5kq93asx66az26y3a293e0vk0qjket6mtjlzf63l6splcahs,787999,public-sample-v0.1.0
3c03cdb87df96a4780e7a07f21687917978e299e48dc465519993826256061cb,0,mainnet,20117f692257b2331233b5705ce9c682be8719ff1b2b64cbca290bd6faeb54423eac065ca0ffdc8701750063036f7264010118746578742f706c61696e3b636861727365743d7574662d3800357b2270223a226272632d3230222c226f70223a226d696e74222c227469636b223a22676d676e222c22616d74223a2231303030227d68,c1117f692257b2331233b5705ce9c682be8719ff1b2b64cbca290bd6faeb54423e,bc1pwzp4q7mna2q505ec3kj69q3jkcfej2he3fw6m530u5rtw2rr9h5q07qulg,787999,public-sample-v0.1.0
b8147b3f4083298e737db86f3eb91629e04a25db8652a923e9e06abc7758abca,0,mainnet,20117f692257b2331233b5705ce9c682be8719ff1b2b64cbca290bd6faeb54423eac06ef7809dd8701750063036f7264010118746578742f706c61696e3b636861727365743d7574662d3800327b2270223a226272632d3230222c226f70223a226d696e74222c227469636b223a22686f6c64222c22616d74223a2235227d68,c0117f692257b2331233b5705ce9c682be8719ff1b2b64cbca290bd6faeb54423e,bc1pm690ggx67ra08x556lgq4mn946nn3hryhrl8lpdnvgxqld59a8aqdl44lu,787999,public-sample-v0.1.0
9d457539291528d6cf48e7bd7789e064f12dd44a736765b58ce8e3a621ea27ca,0,mainnet,20117f692257b2331233b5705ce9c682be8719ff1b2b64cbca290bd6faeb54423eac06581b04dd8701750063036f7264010118746578742f706c61696e3b636861727365743d7574662d3800357b2270223a226272632d3230222c226f70223a226d696e74222c227469636b223a22676d676e222c22616d74223a2231303030227d68,c0117f692257b2331233b5705ce9c682be8719ff1b2b64cbca290bd6faeb54423e,bc1pk868cals792v4hsd7r4ajh0w0cel3lssm4nrwt88nzufn6e4qptsepnhs3,787999,public-sample-v0.1.0
6d2bb44a759ac3114408b20b5eb9e8596798a89680d0db0058daa92cb1a57dc7,0,mainnet,20117f692257b2331233b5705ce9c682be8719ff1b2b64cbca290bd6faeb54423eac0655c72bdd8701750063036f7264010118746578742f706c61696e3b636861727365743d7574662d3800397b2270223a226272632d3230222c226f70223a227472616e73666572222c227469636b223a224f4d4e49222c22616d74223a2235303030227d68,c1117f692257b2331233b5705ce9c682be8719ff1b2b64cbca290bd6faeb54423e,bc1p7qyzgdt8seag98tctjyksxe94x00g9alspt6wq72s6ax2yd68uys62p7yy,787999,public-sample-v0.1.0
d7a79fc7139b0d20444f544c0bcf7fa91f1f9e6bac31dc87b4456957edc965c7,0,mainnet,20117f692257b2331233b5705ce9c682be8719ff1b2b64cbca290bd6faeb54423eac065b7000dd8701750063036f7264010118746578742f706c61696e3b636861727365743d7574662d3800357b2270223a226272632d3230222c226f70223a226d696e74222c227469636b223a22676d676e222c22616d74223a2231303030227d68,c0117f692257b2331233b5705ce9c682be8719ff1b2b64cbca290bd6faeb54423e,bc1pd9acdyqt0v2vrps35yuf3sk7cydcxvut8q3qejeynjhqus3t0rfq8xrd0l,787999,public-sample-v0.1.0
1eef840c6a099c87eea25b672aeb07d94b6fb2350143d0ca438f57f35149bac6,0,mainnet,20117f692257b2331233b5705ce9c682be8719ff1b2b64cbca290bd6faeb54423eac061e4cfcdc8701750063036f7264010118746578742f706c61696e3b636861727365743d7574662d3800357b2270223a226272632d3230222c226f70223a226d696e74222c227469636b223a22676d676e222c22616d74223a2231303030227d68,c1117f692257b2331233b5705ce9c682be8719ff1b2b64cbca290bd6faeb54423e,bc1p73rs67rplfl4vmc4u3v3yewtcyyh0mjhfr9937jfmqpshzvtpe2sa4q7zp,787999,public-sample-v0.1.0
8868b61e040123035cf89788047ac3bd2fbb01c78ca19687626bb307b34cbfc5,0,mainnet,20117f692257b2331233b5705ce9c682be8719ff1b2b64cbca290bd6faeb54423eac063c7d13dd8701750063036f7264010118746578742f706c61696e3b636861727365743d7574662d3800357b2270223a226272632d3230222c226f70223a226d696e74222c227469636b223a22676d676e222c22616d74223a2231303030227d68,c0117f692257b2331233b5705ce9c682be8719ff1b2b64cbca290bd6faeb54423e,bc1pn0c7wgg39k4wxp46wfc6ta0asac2mwg4369xsfj7ecfv0lky78fsv6m0v2,787999,public-sample-v0.1.0
494310f4fa7d02cce2452def729f194e4e312d8cb88d1d2b25af721171b13ec4,0,mainnet,20117f692257b2331233b5705ce9c682be8719ff1b2b64cbca290bd6faeb54423eac0668210cdd8701750063036f7264010118746578742f706c61696e3b636861727365743d7574662d3800357b2270223a226272632d3230222c226f70223a226d696e74222c227469636b223a22676d676e222c22616d74223a2231303030227d68,c0117f692257b2331233b5705ce9c682be8719ff1b2b64cbca290bd6faeb54423e,bc1pstarcmvpxpw0wdcvtk9pvfuycguuzl2rdfn8huamsvg9wtnlhkuq7s40pt,787999,public-sample-v0.1.0
c8781d607134d287fa78bb8d9bb45b8dbe3f94cae923317a7dc2a22768cbc6c2,0,mainnet,20117f692257b2331233b5705ce9c682be8719ff1b2b64cbca290bd6faeb54423eac06bdc3fcdc8701750063036f7264010118746578742f706c61696e3b636861727365743d7574662d3800357b2270223a226272632d3230222c226f70223a226d696e74222c227469636b223a22676d676e222c22616d74223a2231303030227d68,c0117f692257b2331233b5705ce9c682be8719ff1b2b64cbca290bd6faeb54423e,bc1pu0cphdh7r6thqyjl3qqm0a6grdxah6lsd6qddhayw0pr4ahlhltqde6q5j,787999,public-sample-v0.1.0
30656d69667fa7981e618cb153bb7e29faeae6e65c3ea68ae6d7b1843b563ac2,0,mainnet,20117f692257b2331233b5705ce9c682be8719ff1b2b64cbca290bd6faeb54423eac064e8df2dc8701750063036f7264010118746578742f706c61696e3b636861727365743d7574662d3800357b2270223a226272632d3230222c226f70223a226d696e74222c227469636b223a22676d676e222c22616d74223a2231303030227d68,c0117f692257b2331233b5705ce9c682be8719ff1b2b64cbca290bd6faeb54423e,bc1ptfc9wxmj59k0avxrrangz4d0zn8yq9lpm0rwnnrs0ks9vxrx35zsj3vmuv,787999,public-sample-v0.1.0
1ffd6d7050b81a1d8906f4b48bb360b616f105336f5d866e79e2e68b110e8ac1,0,mainnet,20117f692257b2331233b5705ce9c682be8719ff1b2b64cbca290bd6faeb54423eac06bdc3fcdc8701750063036f7264010118746578742f706c61696e3b636861727365743d7574662d3800357b2270223a226272632d3230222c226f70223a226d696e74222c227469636b223a22676d676e222c22616d74223a2231303030227d68,c0117f692257b2331233b5705ce9c682be8719ff1b2b64cbca290bd6faeb54423e,bc1pu0cphdh7r6thqyjl3qqm0a6grdxah6lsd6qddhayw0pr4ahlhltqde6q5j,787999,public-sample-v0.1.0
2c2e40ce9507044164917c7ec7982ba0ca5a436f5946cdad4bc4e6094ba64dc1,0,mainnet,20117f692257b2331233b5705ce9c682be8719ff1b2b64cbca290bd6faeb54423eac064e8df2dc8701750063036f7264010118746578742f706c61696e3b636861727365743d7574662d3800357b2270223a226272632d3230222c226f70223a226d696e74222c227469636b223a22676d676e222c22616d74223a2231303030227d68,c0117f692257b2331233b5705ce9c682be8719ff1b2b64cbca290bd6faeb54423e,bc1ptfc9wxmj59k0avxrrangz4d0zn8yq9lpm0rwnnrs0ks9vxrx35zsj3vmuv,787999,public-sample-v0.1.0
841409801120668e56e0ac6fbb9a69af603dac176e8fb3b91c4f3b524dd335c1,0,mainnet,20117f692257b2331233b5705ce9c682be8719ff1b2b64cbca290bd6faeb54423eac0668210cdd8701750063036f7264010118746578742f706c61696e3b636861727365743d7574662d3800357b2270223a226272632d3230222c226f70223a226d696e74222c227469636b223a22676d676e222c22616d74223a2231303030227d68,c0117f692257b2331233b5705ce9c682be8719ff1b2b64cbca290bd6faeb54423e,bc1pstarcmvpxpw0wdcvtk9pvfuycguuzl2rdfn8huamsvg9wtnlhkuq7s40pt,787999,public-sample-v0.1.0
0bf71f157fa2bc61875b433f883b93ce81de5e5747bc6410dbe66fbd1c5604c1,0,mainnet,20117f692257b2331233b5705ce9c682be8719ff1b2b64cbca290bd6faeb54423eac06c7e46ede8701750063036f7264010118746578742f706c61696e3b636861727365743d7574662d3800357b2270223a226272632d3230222c226f70223a226d696e74222c227469636b223a224d414741222c22616d74223a2232313030227d68,c1117f692257b2331233b5705ce9c682be8719ff1b2b64cbca290bd6faeb54423e,bc1pagacas832wzjsshw9efw2eew92lcgdaynxpf8jc5265cas0emgwstjpmjm,787999,public-sample-v0.1.0
16b6c6c8fca4157595e1e2ef61a2c808f8e83e9389642497a695bfcb424fd2c0,0,mainnet,20117f692257b2331233b5705ce9c682be8719ff1b2b64cbca290bd6faeb54423eac065b7000dd8701750063036f7264010118746578742f706c61696e3b636861727365743d7574662d3800357b2270223a226272632d3230222c226f70223a226d696e74222c227469636b223a22676d676e222c22616d74223a2231303030227d68,c0117f692257b2331233b5705ce9c682be8719ff1b2b64cbca290bd6faeb54423e,bc1pd9acdyqt0v2vrps35yuf3sk7cydcxvut8q3qejeynjhqus3t0rfq8xrd0l,787999,public-sample-v0.1.0
bf5527bb2cebb13d0cde678632209c4eb3d3f842e54890608b8da1b55dd66cc0,0,mainnet,20117f692257b2331233b5705ce9c682be8719ff1b2b64cbca290bd6faeb54423eac06c7e46ede8701750063036f7264010118746578742f706c61696e3b636861727365743d7574662d3800357b2270223a226272632d3230222c226f70223a226d696e74222c227469636b223a224d414741222c22616d74223a2232313030227d68,c1117f692257b2331233b5705ce9c682be8719ff1b2b64cbca290bd6faeb54423e,bc1pagacas832wzjsshw9efw2eew92lcgdaynxpf8jc5265cas0emgwstjpmjm,787999,public-sample-v0.1.0
7de72603d6888c68078fec8bf649a3e45c8a23afa046e96eaacbe453e53363c0,0,mainnet,20117f692257b2331233b5705ce9c682be8719ff1b2b64cbca290bd6faeb54423eac065e17f5dc8701750063036f7264010118746578742f706c61696e3b636861727365743d7574662d3800357b2270223a226272632d3230222c226f70223a226d696e74222c227469636b223a22676d676e222c22616d74223a2231303030227d68,c1117f692257b2331233b5705ce9c682be8719ff1b2b64cbca290bd6faeb54423e,bc1phdyta06ux73syka2adv75wmm9dsjvxus5m0ndval56dz39qfpq7qc6lhrm,787999,public-sample-v0.1.0
203feeab069c14295ac3630223e46e53e9dc2fda671fe1d2f88a18f166f85fbf,0,mainnet,20117f692257b2331233b5705ce9c682be8719ff1b2b64cbca290bd6faeb54423eac064c740edd8701750063036f7264010118746578742f706c61696e3b636861727365743d7574662d3800357b2270223a226272632d3230222c226f70223a226d696e74222c227469636b223a22676d676e222c22616d74223a2231303030227d68,c1117f692257b2331233b5705ce9c682be8719ff1b2b64cbca290bd6faeb54423e,bc1ph95l3vtwsfyu5z56puc0dtfpljfmnvaskcpx3jqmsnxzlpmr0hhqskc0am,787999,public-sample-v0.1.0
f0e17e37724abcfd45333fb55053e8587092c8994a2166a6bc4606eb3fb647be,0,mainnet,20117f692257b2331233b5705ce9c682be8719ff1b2b64cbca290bd6faeb54423eac06c7e46ede8701750063036f7264010118746578742f706c61696e3b636861727365743d7574662d3800357b2270223a226272632d3230222c226f70223a226d696e74222c227469636b223a224d414741222c22616d74223a2232313030227d68,c1117f692257b2331233b5705ce9c682be8719ff1b2b64cbca290bd6faeb54423e,bc1pagacas832wzjsshw9efw2eew92lcgdaynxpf8jc5265cas0emgwstjpmjm,787999,public-sample-v0.1.0
1de8e04f5e0a94a91a7494738ed019a64d50831243cd46613ed385800ab4e9bd,0,mainnet,20117f692257b2331233b5705ce9c682be8719ff1b2b64cbca290bd6faeb54423eac06bdc3fcdc8701750063036f7264010118746578742f706c61696e3b636861727365743d7574662d3800357b2270223a226272632d3230222c226f70223a226d696e74222c227469636b223a22676d676e222c22616d74223a2231303030227d68,c0117f692257b2331233b5705ce9c682be8719ff1b2b64cbca290bd6faeb54423e,bc1pu0cphdh7r6thqyjl3qqm0a6grdxah6lsd6qddhayw0pr4ahlhltqde6q5j,787999,public-sample-v0.1.0
702f33c0698f9a41f31dbce5bf70fe14bbbc74834dc641e942fe27712f28afbc,0,mainnet,20117f692257b2331233b5705ce9c682be8719ff1b2b64cbca290bd6faeb54423eac06581b04dd8701750063036f7264010118746578742f706c61696e3b636861727365743d7574662d3800357b2270223a226272632d3230222c226f70223a226d696e74222c227469636b223a22676d676e222c22616d74223a2231303030227d68,c0117f692257b2331233b5705ce9c682be8719ff1b2b64cbca290bd6faeb54423e,bc1pk868cals792v4hsd7r4ajh0w0cel3lssm4nrwt88nzufn6e4qptsepnhs3,787999,public-sample-v0.1.0
a2c2cc6c769fda1335a45b3afb604cccc9c6aba55c17ecc45e1587736e489abc,0,mainnet,20117f692257b2331233b5705ce9c682be8719ff1b2b64cbca290bd6faeb54423eac065ca0ffdc8701750063036f7264010118746578742f706c61696e3b636861727365743d7574662d3800357b2270223a226272632d3230222c226f70223a226d696e74222c227469636b223a22676d676e222c22616d74223a2231303030227d68,c1117f692257b2331233b5705ce9c682be8719ff1b2b64cbca290bd6faeb54423e,bc1pwzp4q7mna2q505ec3kj69q3jkcfej2he3fw6m530u5rtw2rr9h5q07qulg,787999,public-sample-v0.1.0
7dae62e06003cbfce3d0a112ed98b59c7a30f3e267b3a08470981a5cfecf89bc,0,mainnet,20117f692257b2331233b5705ce9c682be8719ff1b2b64cbca290bd6faeb54423eac06f2a50cdd8701750063036f7264010118746578742f706c61696e3b636861727365743d7574662d3800357b2270223a226272632d3230222c226f70223a226d696e74222c227469636b223a22676d676e222c22616d74223a2231303030227d68,c1117f692257b2331233b5705ce9c682be8719ff1b2b64cbca290bd6faeb54423e,bc1pegsrvknfj5acltaweaf7ehu05v3nqg4sngzfwrumq9835pdgu4zq7ga8qq,787999,public-sample-v0.1.0
cd4c564a22055d0818351a3b71bb4ec9e80e592c4fabebcc1ba2b329fea733bc,0,mainnet,20117f692257b2331233b5705ce9c682be8719ff1b2b64cbca290bd6faeb54423eac06b94404dd8701750063036f7264010118746578742f706c61696e3b636861727365743d7574662d3800357b2270223a226272632d3230222c226f70223a226d696e74222c227469636b223a22676d676e222c22616d74223a2231303030227d68,c0117f692257b2331233b5705ce9c682be8719ff1b2b64cbca290bd6faeb54423e,bc1pjn3hs55989qfzf5k48fxxy3s8zfx5vyumr840kr4yphawkv5sknsrsdgq0,787999,public-sample-v0.1.0
5c2e11f68db70c729a8f25e11fd5a308ce4f7fe15dc5d1e4a8a4b5c732310abc,0,mainnet,20117f692257b2331233b5705ce9c682be8719ff1b2b64cbca290bd6faeb54423eac063c7d13dd8701750063036f7264010118746578742f706c61696e3b636861727365743d7574662d3800357b2270223a226272632d3230222c226f70223a226d696e74222c227469636b223a22676d676e222c22616d74223a2231303030227d68,c0117f692257b2331233b5705ce9c682be8719ff1b2b64cbca290bd6faeb54423e,bc1pn0c7wgg39k4wxp46wfc6ta0asac2mwg4369xsfj7ecfv0lky78fsv6m0v2,787999,public-sample-v0.1.0
0f5e2559b9576f3bf21f816ee5310b2ee971384575c54477960acad68020efbb,0,mainnet,20117f692257b2331233b5705ce9c682be8719ff1b2b64cbca290bd6faeb54423eac0654b6ffdc8701750063036f7264010118746578742f706c61696e3b636861727365743d7574662d3800357b2270223a226272632d3230222c226f70223a226d696e74222c227469636b223a22676d676e222c22616d74223a2231303030227d68,c1117f692257b2331233b5705ce9c682be8719ff1b2b64cbca290bd6faeb54423e,bc1p97wde084z3k9vsrh4jfsgdl34u8g4k0mvrteg5p5n5f2qrcyhcss2gsc75,787999,public-sample-v0.1.0
34b505d1054bc492262393de9dd2825b191702fc3b85fcbca5405c29976ae5bb,0,mainnet,20117f692257b2331233b5705ce9c682be8719ff1b2b64cbca290bd6faeb54423eac066b4211dd8701750063036f7264010118746578742f706c61696e3b636861727365743d7574662d3800357b2270223a226272632d3230222c226f70223a226d696e74222c227469636b223a22676d676e222c22616d74223a2231303030227d68,c0117f692257b2331233b5705ce9c682be8719ff1b2b64cbca290bd6faeb54423e,bc1pkfqw65dmnq48ju9sqslyct0a6g9y32nr2aqt2pedadt3rqxec5wqsajv8k,787999,public-sample-v0.1.0
03f33dad3a6ba1152e78fe436d6afbe2961bd48bb1e81df142df8cc8aceca1bb,0,mainnet,20117f692257b2331233b5705ce9c682be8719ff1b2b64cbca290bd6faeb54423eac064c740edd8701750063036f7264010118746578742f706c61696e3b636861727365743d7574662d3800357b2270223a226272632d3230222c226f70223a226d696e74222c227469636b223a22676d676e222c22616d74223a2231303030227d68,c1117f692257b2331233b5705ce9c682be8719ff1b2b64cbca290bd6faeb54423e,bc1ph95l3vtwsfyu5z56puc0dtfpljfmnvaskcpx3jqmsnxzlpmr0hhqskc0am,787999,public-sample-v0.1.0
e81631fc23317721079c6f69b4f4f4f53466c69b95ee5cc62b3ba46a878032bb,0,mainnet,20117f692257b2331233b5705ce9c682be8719ff1b2b64cbca290bd6faeb54423eac065e17f5dc8701750063036f7264010118746578742f706c61696e3b636861727365743d7574662d3800357b2270223a226272632d3230222c226f70223a226d696e74222c227469636b223a22676d676e222c22616d74223a2231303030227d68,c1117f692257b2331233b5705ce9c682be8719ff1b2b64cbca290bd6faeb54423e,bc1phdyta06ux73syka2adv75wmm9dsjvxus5m0ndval56dz39qfpq7qc6lhrm,787999,public-sample-v0.1.0
0988d2f6d44e1f585a0a0ad3bf32f2943857cbda38676e63ff16aff35498a3ba,0,mainnet,20117f692257b2331233b5705ce9c682be8719ff1b2b64cbca290bd6faeb54423eac06a4180bdd8701750063036f7264010118746578742f706c61696e3b636861727365743d7574662d3800357b2270223a226272632d3230222c226f70223a226d696e74222c227469636b223a22676d676e222c22616d74223a2231303030227d68,c0117f692257b2331233b5705ce9c682be8719ff1b2b64cbca290bd6faeb54423e,bc1peszrew8anr5kq93asx66az26y3a293e0vk0qjket6mtjlzf63l6splcahs,787999,public-sample-v0.1.0
5084736da002cbe2cb718a71a44ebfd264e17c151e6c5f105b6a55648184f5c5,0,mainnet,20117f692257b2331233b5705ce9c682be8719ff1b2b64cbca290bd6faeb54423eac06a4180bdd8701750063036f7264010118746578742f706c61696e3b636861727365743d7574662d3800357b2270223a226272632d3230222c226f70223a226d696e74222c227469636b223a22676d676e222c22616d74223a2231303030227d68,c0117f692257b2331233b5705ce9c682be8719ff1b2b64cbca290bd6faeb54423e,bc1peszrew8anr5kq93asx66az26y3a293e0vk0qjket6mtjlzf63l6splcahs,787999,public-sample-v0.1.0
c55580bc312681fa1753bac892e0eec20a9d53c8aad34aa322db5c85b476a2ba,0,mainnet,20117f692257b2331233b5705ce9c682be8719ff1b2b64cbca290bd6faeb54423eac0607abf6dc8701750063036f7264010118746578742f706c61696e3b636861727365743d7574662d3800357b2270223a226272632d3230222c226f70223a226d696e74222c227469636b223a2258545241222c22616d74223a2235303030227d68,c1117f692257b2331233b5705ce9c682be8719ff1b2b64cbca290bd6faeb54423e,bc1pj7t0c2v6klfdmury547qnscgjyqpvmwmhtdqpalantdcaljdxzdsad2fgm,787999,public-sample-v0.1.0
bfbacc58dbc4fa458dafcabf7bb6ba99fe24684c8b8acabe3bae7e5b37dd88ba,0,mainnet,20117f692257b2331233b5705ce9c682be8719ff1b2b64cbca290bd6faeb54423eac06d098fcdc8701750063036f7264010118746578742f706c61696e3b636861727365743d7574662d3800357b2270223a226272632d3230222c226f70223a226d696e74222c227469636b223a22676d676e222c22616d74223a2231303030227d68,c1117f692257b2331233b5705ce9c682be8719ff1b2b64cbca290bd6faeb54423e,bc1pv73u28nzrl2m489x62am3c0yz7rcxe3h4f3zpxlwa8fxv5yhgs2q6ma5ku,787999,public-sample-v0.1.0
d574831385ad271741c9c992c3d9fde6800dead0174bec2702188ee6fc3212ba,0,mainnet,20117f692257b2331233b5705ce9c682be8719ff1b2b64cbca290bd6faeb54423eac063b6bffdc8701750063036f7264010118746578742f706c61696e3b636861727365743d7574662d3800357b2270223a226272632d3230222c226f70223a226d696e74222c227469636b223a22676d676e222c22616d74223a2231303030227d68,c1117f692257b2331233b5705ce9c682be8719ff1b2b64cbca290bd6faeb54423e,bc1per77k5hea4v5gv69jjazllajzlqlhlkx67l96f45qm44ymsw4rsqfhss6h,787999,public-sample-v0.1.0
ab610df2bc82dec79dc02fc77680238ecd19c041c3c618af20b32720db885cb9,0,mainnet,20117f692257b2331233b5705ce9c682be8719ff1b2b64cbca290bd6faeb54423eac06f2a50cdd8701750063036f7264010118746578742f706c61696e3b636861727365743d7574662d3800357b2270223a226272632d3230222c226f70223a226d696e74222c227469636b223a22676d676e222c22616d74223a2231303030227d68,c1117f692257b2331233b5705ce9c682be8719ff1b2b64cbca290bd6faeb54423e,bc1pegsrvknfj5acltaweaf7ehu05v3nqg4sngzfwrumq9835pdgu4zq7ga8qq,787999,public-sample-v0.1.0
2ba7b078f39acefe656f0df2dda0a5948ecdbdbadde96e383ff4c7bfdcc92fb9,0,mainnet,20117f692257b2331233b5705ce9c682be8719ff1b2b64cbca290bd6faeb54423eac065b7000dd8701750063036f7264010118746578742f706c61696e3b636861727365743d7574662d3800357b2270223a226272632d3230222c226f70223a226d696e74222c227469636b223a22676d676e222c22616d74223a2231303030227d68,c0117f692257b2331233b5705ce9c682be8719ff1b2b64cbca290bd6faeb54423e,bc1pd9acdyqt0v2vrps35yuf3sk7cydcxvut8q3qejeynjhqus3t0rfq8xrd0l,787999,public-sample-v0.1.0
b982f4a1b462fa8b1cb25e52bf0a3e9fc3e820939804934368319120213e8bb8,0,mainnet,20117f692257b2331233b5705ce9c682be8719ff1b2b64cbca290bd6faeb54423eac06b94404dd8701750063036f7264010118746578742f706c61696e3b636861727365743d7574662d3800357b2270223a226272632d3230222c226f70223a226d696e74222c227469636b223a22676d676e222c22616d74223a2231303030227d68,c0117f692257b2331233b5705ce9c682be8719ff1b2b64cbca290bd6faeb54423e,bc1pjn3hs55989qfzf5k48fxxy3s8zfx5vyumr840kr4yphawkv5sknsrsdgq0,787999,public-sample-v0.1.0
ffb3357f899b64e7c81dde98c3f79e327a4c35013bd73305bb1118de8fb3e3b7,0,mainnet,20117f692257b2331233b5705ce9c682be8719ff1b2b64cbca290bd6faeb54423eac06bdc3fcdc8701750063036f7264010118746578742f706c61696e3b636861727365743d7574662d3800357b2270223a226272632d3230222c226f70223a226d696e74222c227469636b223a22676d676e222c22616d74223a2231303030227d68,c0117f692257b2331233b5705ce9c682be8719ff1b2b64cbca290bd6faeb54423e,bc1pu0cphdh7r6thqyjl3qqm0a6grdxah6lsd6qddhayw0pr4ahlhltqde6q5j,787999,public-sample-v0.1.0
6d0d0e6265d57d24c9c01d46ebc992789bc9d7d46482124f88d1dace25657bb6,0,mainnet,20117f692257b2331233b5705ce9c682be8719ff1b2b64cbca290bd6faeb54423eac064e8df2dc8701750063036f7264010118746578742f706c61696e3b636861727365743d7574662d3800357b2270223a226272632d3230222c226f70223a226d696e74222c227469636b223a22676d676e222c22616d74223a2231303030227d68,c0117f692257b2331233b5705ce9c682be8719ff1b2b64cbca290bd6faeb54423e,bc1ptfc9wxmj59k0avxrrangz4d0zn8yq9lpm0rwnnrs0ks9vxrx35zsj3vmuv,787999,public-sample-v0.1.0
178107ca538511fa2376125851d533d2fe3903ecd1c72c6e6e42d9c2e38403b6,0,mainnet,20117f692257b2331233b5705ce9c682be8719ff1b2b64cbca290bd6faeb54423eac06c7e46ede8701750063036f7264010118746578742f706c61696e3b636861727365743d7574662d3800357b2270223a226272632d3230222c226f70223a226d696e74222c227469636b223a224d414741222c22616d74223a2232313030227d68,c1117f692257b2331233b5705ce9c682be8719ff1b2b64cbca290bd6faeb54423e,bc1pagacas832wzjsshw9efw2eew92lcgdaynxpf8jc5265cas0emgwstjpmjm,787999,public-sample-v0.1.0
0263ab741f101b7b1f86978b79e88a4e2f894b74b86bbf8b280c3cd69ab49db5,0,mainnet,20117f692257b2331233b5705ce9c682be8719ff1b2b64cbca290bd6faeb54423eac06f2a50cdd8701750063036f7264010118746578742f706c61696e3b636861727365743d7574662d3800357b2270223a226272632d3230222c226f70223a226d696e74222c227469636b223a22676d676e222c22616d74223a2231303030227d68,c1117f692257b2331233b5705ce9c682be8719ff1b2b64cbca290bd6faeb54423e,bc1pegsrvknfj5acltaweaf7ehu05v3nqg4sngzfwrumq9835pdgu4zq7ga8qq,787999,public-sample-v0.1.0
fcb2e587893446f10c849c82428fabf5b82c5a257fac7fdeca8393d2476d80b5,0,mainnet,20117f692257b2331233b5705ce9c682be8719ff1b2b64cbca290bd6faeb54423eac064c740edd8701750063036f7264010118746578742f706c61696e3b636861727365743d7574662d3800357b2270223a226272632d3230222c226f70223a226d696e74222c227469636b223a22676d676e222c22616d74223a2231303030227d68,c1117f692257b2331233b5705ce9c682be8719ff1b2b64cbca290bd6faeb54423e,bc1ph95l3vtwsfyu5z56puc0dtfpljfmnvaskcpx3jqmsnxzlpmr0hhqskc0am,787999,public-sample-v0.1.0
47ae228a743dc722d858eff45d902cb802ef9b771c7e17f876da98c1a21062b5,0,mainnet,20117f692257b2331233b5705ce9c682be8719ff1b2b64cbca290bd6faeb54423eac065e17f5dc8701750063036f7264010118746578742f706c61696e3b636861727365743d7574662d3800357b2270223a226272632d3230222c226f70223a226d696e74222c227469636b223a22676d676e222c22616d74223a2231303030227d68,c1117f692257b2331233b5705ce9c682be8719ff1b2b64cbca290bd6faeb54423e,bc1phdyta06ux73syka2adv75wmm9dsjvxus5m0ndval56dz39qfpq7qc6lhrm,787999,public-sample-v0.1.0
90de74ed59aa078100aa521a2f14d8dc2a00ae275e31f1aff0abba13727360b5,0,mainnet,20117f692257b2331233b5705ce9c682be8719ff1b2b64cbca290bd6faeb54423eac06c92e53de8701750063036f7264010118746578742f706c61696e3b636861727365743d7574662d3800357b2270223a226272632d3230222c226f70223a226d696e74222c227469636b223a2276646278222c22616d74223a2231303030227d68,c0117f692257b2331233b5705ce9c682be8719ff1b2b64cbca290bd6faeb54423e,bc1p6xkzw82kv53gjmc68sudwzz6nxh98fwt6c9va6s9cctf7gfu95aq8vh5vp,787999,public-sample-v0.1.0
a4bb04bc6a1f1fb85ec7869013e2121fe36ce4162a2960825cc0bfc60bfb36b5,0,mainnet,20117f692257b2331233b5705ce9c682be8719ff1b2b64cbca290bd6faeb54423eac066b20f6dc8701750063036f7264010118746578742f706c61696e3b636861727365743d7574662d3800357b2270223a226272632d3230222c226f70223a226d696e74222c227469636b223a22676d676e222c22616d74223a2231303030227d68,c1117f692257b2331233b5705ce9c682be8719ff1b2b64cbca290bd6faeb54423e,bc1p8ndnx8vkq2t8x9azvu3qmp8n6krayuf9j9ln9d53agggungqrx4s3ndel6,787999,public-sample-v0.1.0
38701529436ddb9ac06894d748e742cbd9712a15175d9c749cefbd4aac83adb4,0,mainnet,20117f692257b2331233b5705ce9c682be8719ff1b2b64cbca290bd6faeb54423eac06f2a50cdd8701750063036f7264010118746578742f706c61696e3b636861727365743d7574662d3800357b2270223a226272632d3230222c226f70223a226d696e74222c227469636b223a22676d676e222c22616d74223a2231303030227d68,c1117f692257b2331233b5705ce9c682be8719ff1b2b64cbca290bd6faeb54423e,bc1pegsrvknfj5acltaweaf7ehu05v3nqg4sngzfwrumq9835pdgu4zq7ga8qq,787999,public-sample-v0.1.0
4d8333db0605de592eeab932101927d421d0129219f99e7579d2cb7bafd2ffb3,0,mainnet,20117f692257b2331233b5705ce9c682be8719ff1b2b64cbca290bd6faeb54423eac065ca0ffdc8701750063036f7264010118746578742f706c61696e3b636861727365743d7574662d3800357b2270223a226272632d3230222c226f70223a226d696e74222c227469636b223a22676d676e222c22616d74223a2231303030227d68,c1117f692257b2331233b5705ce9c682be8719ff1b2b64cbca290bd6faeb54423e,bc1pwzp4q7mna2q505ec3kj69q3jkcfej2he3fw6m530u5rtw2rr9h5q07qulg,787999,public-sample-v0.1.0
04e9fede752745a549d487c0df5637cab4a8ef5e2ececd3c3e2992a39cabddb3,0,mainnet,20117f692257b2331233b5705ce9c682be8719ff1b2b64cbca290bd6faeb54423eac06f2a50cdd8701750063036f7264010118746578742f706c61696e3b636861727365743d7574662d3800357b2270223a226272632d3230222c226f70223a226d696e74222c227469636b223a22676d676e222c22616d74223a2231303030227d68,c1117f692257b2331233b5705ce9c682be8719ff1b2b64cbca290bd6faeb54423e,bc1pegsrvknfj5acltaweaf7ehu05v3nqg4sngzfwrumq9835pdgu4zq7ga8qq,787999,public-sample-v0.1.0
fbc2b6de45b4bfe058f225c081a61f4a0cf48962d1416657e2aa2c37bf3f98b3,0,mainnet,20117f692257b2331233b5705ce9c682be8719ff1b2b64cbca290bd6faeb54423eac065ca0ffdc8701750063036f7264010118746578742f706c61696e3b636861727365743d7574662d3800357b2270223a226272632d3230222c226f70223a226d696e74222c227469636b223a22676d676e222c22616d74223a2231303030227d68,c1117f692257b2331233b5705ce9c682be8719ff1b2b64cbca290bd6faeb54423e,bc1pwzp4q7mna2q505ec3kj69q3jkcfej2he3fw6m530u5rtw2rr9h5q07qulg,787999,public-sample-v0.1.0
547b1765c699b1c6946524148544456d9b1aaceacd301fc19afe4e919a615eb3,0,mainnet,20117f692257b2331233b5705ce9c682be8719ff1b2b64cbca290bd6faeb54423eac06e3ed03dd8701750063036f7264010118746578742f706c61696e3b636861727365743d7574662d3800357b2270223a226272632d3230222c226f70223a226d696e74222c227469636b223a22676d676e222c22616d74223a2231303030227d68,c1117f692257b2331233b5705ce9c682be8719ff1b2b64cbca290bd6faeb54423e,bc1plx2zdxgnwaqkrgy875hrm8uzmmhr5z9za0edqd2pwhsgf6v58rcshud4tj,787999,public-sample-v0.1.0
d4db1672197fe8d499844b404c673ef2f749554e6494aadbe27bf4d8578925b2,0,mainnet,20117f692257b2331233b5705ce9c682be8719ff1b2b64cbca290bd6faeb54423eac06d098fcdc8701750063036f7264010118746578742f706c61696e3b636861727365743d7574662d3800357b2270223a226272632d3230222c226f70223a226d696e74222c227469636b223a22676d676e222c22616d74223a2231303030227d68,c1117f692257b2331233b5705ce9c682be8719ff1b2b64cbca290bd6faeb54423e,bc1pv73u28nzrl2m489x62am3c0yz7rcxe3h4f3zpxlwa8fxv5yhgs2q6ma5ku,787999,public-sample-v0.1.0
962be63a1a1ed32d6fa1e812267cd91d67a36c48706563f112cef3d3385cbfb1,0,mainnet,20117f692257b2331233b5705ce9c682be8719ff1b2b64cbca290bd6faeb54423eac06ef7809dd8701750063036f7264010118746578742f706c61696e3b636861727365743d7574662d3800327b2270223a226272632d3230222c226f70223a226d696e74222c227469636b223a22686f6c64222c22616d74223a2235227d68,c0117f692257b2331233b5705ce9c682be8719ff1b2b64cbca290bd6faeb54423e,bc1pm690ggx67ra08x556lgq4mn946nn3hryhrl8lpdnvgxqld59a8aqdl44lu,787999,public-sample-v0.1.0
2cef3595d0fda85c812411d17090adcee15b88bf147cb95167c96e152318b5b1,0,mainnet,20117f692257b2331233b5705ce9c682be8719ff1b2b64cbca290bd6faeb54423eac06d098fcdc8701750063036f7264010118746578742f706c61696e3b636861727365743d7574662d3800357b2270223a226272632d3230222c226f70223a226d696e74222c227469636b223a22676d676e222c22616d74223a2231303030227d68,c1117f692257b2331233b5705ce9c682be8719ff1b2b64cbca290bd6faeb54423e,bc1pv73u28nzrl2m489x62am3c0yz7rcxe3h4f3zpxlwa8fxv5yhgs2q6ma5ku,787999,public-sample-v0.1.0
69ccce067f7dae20691176e280c3820366b6485762a1929e031dfad5a09dfeb0,0,mainnet,20117f692257b2331233b5705ce9c682be8719ff1b2b64cbca290bd6faeb54423eac063b6bffdc8701750063036f7264010118746578742f706c61696e3b636861727365743d7574662d3800357b2270223a226272632d3230222c226f70223a226d696e74222c227469636b223a22676d676e222c22616d74223a2231303030227d68,c1117f692257b2331233b5705ce9c682be8719ff1b2b64cbca290bd6faeb54423e,bc1per77k5hea4v5gv69jjazllajzlqlhlkx67l96f45qm44ymsw4rsqfhss6h,787999,public-sample-v0.1.0
4d662363de89199eb5a87a92af92850ffdbbd94a8a208d9eb48c12090ef4f3b0,0,mainnet,20117f692257b2331233b5705ce9c682be8719ff1b2b64cbca290bd6faeb54423eac065ca0ffdc8701750063036f7264010118746578742f706c61696e3b636861727365743d7574662d3800357b2270223a226272632d3230222c226f70223a226d696e74222c227469636b223a22676d676e222c22616d74223a2231303030227d68,c1117f692257b2331233b5705ce9c682be8719ff1b2b64cbca290bd6faeb54423e,bc1pwzp4q7mna2q505ec3kj69q3jkcfej2he3fw6m530u5rtw2rr9h5q07qulg,787999,public-sample-v0.1.0
d6eda9f57d9665cb1f9ea2f4d917ae94d09ec146cfa6c048279ab357cbe7f0b0,0,mainnet,20117f692257b2331233b5705ce9c682be8719ff1b2b64cbca290bd6faeb54423eac06e3ed03dd8701750063036f7264010118746578742f706c61696e3b636861727365743d7574662d3800357b2270223a226272632d3230222c226f70223a226d696e74222c227469636b223a22676d676e222c22616d74223a2231303030227d68,c1117f692257b2331233b5705ce9c682be8719ff1b2b64cbca290bd6faeb54423e,bc1plx2zdxgnwaqkrgy875hrm8uzmmhr5z9za0edqd2pwhsgf6v58rcshud4tj,787999,public-sample-v0.1.0
8aa3a92091a0234f2e781c310b981cbfb9359a329f90dcec8e479a32592764b0,0,mainnet,20117f692257b2331233b5705ce9c682be8719ff1b2b64cbca290bd6faeb54423eac063b6bffdc8701750063036f7264010118746578742f706c61696e3b636861727365743d7574662d3800357b2270223a226272632d3230222c226f70223a226d696e74222c227469636b223a22676d676e222c22616d74223a2231303030227d68,c1117f692257b2331233b5705ce9c682be8719ff1b2b64cbca290bd6faeb54423e,bc1per77k5hea4v5gv69jjazllajzlqlhlkx67l96f45qm44ymsw4rsqfhss6h,787999,public-sample-v0.1.0
84270bf7ebad2a702ca924102dfb7cc98db6748e76d517a2ded1571a2833f0af,0,mainnet,20117f692257b2331233b5705ce9c682be8719ff1b2b64cbca290bd6faeb54423eac064c740edd8701750063036f7264010118746578742f706c61696e3b636861727365743d7574662d3800357b2270223a226272632d3230222c226f70223a226d696e74222c227469636b223a22676d676e222c22616d74223a2231303030227d68,c1117f692257b2331233b5705ce9c682be8719ff1b2b64cbca290bd6faeb54423e,bc1ph95l3vtwsfyu5z56puc0dtfpljfmnvaskcpx3jqmsnxzlpmr0hhqskc0am,787999,public-sample-v0.1.0
54a4b6e08f1ef0004b4276cc02fc4f0be4e5bdd55e06aa7b1af81ea46b0edfaf,0,mainnet,20117f692257b2331233b5705ce9c682be8719ff1b2b64cbca290bd6faeb54423eac06bdc3fcdc8701750063036f7264010118746578742f706c61696e3b636861727365743d7574662d3800357b2270223a226272632d3230222c226f70223a226d696e74222c227469636b223a22676d676e222c22616d74223a2231303030227d68,c0117f692257b2331233b5705ce9c682be8719ff1b2b64cbca290bd6faeb54423e,bc1pu0cphdh7r6thqyjl3qqm0a6grdxah6lsd6qddhayw0pr4ahlhltqde6q5j,787999,public-sample-v0.1.0
35376cf0aed8225e6d6309f647e9d9a0bdd13ff74acc01d9f2a759ba321ee2ae,0,mainnet,20117f692257b2331233b5705ce9c682be8719ff1b2b64cbca290bd6faeb54423eac06a603fddc8701750063036f7264010118746578742f706c61696e3b636861727365743d7574662d3800357b2270223a226272632d3230222c226f70223a226d696e74222c227469636b223a22676d676e222c22616d74223a2231303030227d68,c0117f692257b2331233b5705ce9c682be8719ff1b2b64cbca290bd6faeb54423e,bc1pnay00gxnmx25qv880ldr5updje5z8yf058aua8apr5qyrydle2dqpsjwrc,787999,public-sample-v0.1.0
1c470399d2a3fd60292e25c7ddf5ee19a4ba5de8d0f056230c0d7f51031d42ae,0,mainnet,20117f692257b2331233b5705ce9c682be8719ff1b2b64cbca290bd6faeb54423eac063b6bffdc8701750063036f7264010118746578742f706c61696e3b636861727365743d7574662d3800357b2270223a226272632d3230222c226f70223a226d696e74222c227469636b223a22676d676e222c22616d74223a2231303030227d68,c1117f692257b2331233b5705ce9c682be8719ff1b2b64cbca290bd6faeb54423e,bc1per77k5hea4v5gv69jjazllajzlqlhlkx67l96f45qm44ymsw4rsqfhss6h,787999,public-sample-v0.1.0
ebd4b6b7ddb5d07910cb2130507757e93a015fd8728ac12f2188cf827e2ad0ad,0,mainnet,20117f692257b2331233b5705ce9c682be8719ff1b2b64cbca290bd6faeb54423eac0668210cdd8701750063036f7264010118746578742f706c61696e3b636861727365743d7574662d3800357b2270223a226272632d3230222c226f70223a226d696e74222c227469636b223a22676d676e222c22616d74223a2231303030227d68,c0117f692257b2331233b5705ce9c682be8719ff1b2b64cbca290bd6faeb54423e,bc1pstarcmvpxpw0wdcvtk9pvfuycguuzl2rdfn8huamsvg9wtnlhkuq7s40pt,787999,public-sample-v0.1.0
9772c0ab83cd59d99a42fafe15fce06ff655d798a1baa1998660acb1604fafad,0,mainnet,20117f692257b2331233b5705ce9c682be8719ff1b2b64cbca290bd6faeb54423eac06d098fcdc8701750063036f7264010118746578742f706c61696e3b636861727365743d7574662d3800357b2270223a226272632d3230222c226f70223a226d696e74222c227469636b223a22676d676e222c22616d74223a2231303030227d68,c1117f692257b2331233b5705ce9c682be8719ff1b2b64cbca290bd6faeb54423e,bc1pv73u28nzrl2m489x62am3c0yz7rcxe3h4f3zpxlwa8fxv5yhgs2q6ma5ku,787999,public-sample-v0.1.0
70693a39c36ed078e3fecd364e28a4d19bfbc93418bf8ff1cf34e911b7265cad,0,mainnet,20117f692257b2331233b5705ce9c682be8719ff1b2b64cbca290bd6faeb54423eac065ca0ffdc8701750063036f7264010118746578742f706c61696e3b636861727365743d7574662d3800357b2270223a226272632d3230222c226f70223a226d696e74222c227469636b223a22676d676e222c22616d74223a2231303030227d68,c1117f692257b2331233b5705ce9c682be8719ff1b2b64cbca290bd6faeb54423e,bc1pwzp4q7mna2q505ec3kj69q3jkcfej2he3fw6m530u5rtw2rr9h5q07qulg,787999,public-sample-v0.1.0
a1d7ff987f4d025fa8e193c8092b0ed7eecf72488b21f930c3d20ac2bbfa50ac,0,mainnet,20117f692257b2331233b5705ce9c682be8719ff1b2b64cbca290bd6faeb54423eac06f717f7dc8701750063036f7264010118746578742f706c61696e3b636861727365743d7574662d3800357b2270223a226272632d3230222c226f70223a226d696e74222c227469636b223a22676d676e222c22616d74223a2231303030227d68,c0117f692257b2331233b5705ce9c682be8719ff1b2b64cbca290bd6faeb54423e,bc1pwksq6l78uy2cxfke0pr434xvkdlvh5lr26znr6lunqyq2xrvkmws9cz8n0,787999,public-sample-v0.1.0
1861a6d764f05083769e359b7fac0ae260ab1560cf4f5b878f2be1926fa3f9ab,0,mainnet,20117f692257b2331233b5705ce9c682be8719ff1b2b64cbca290bd6faeb54423eac06341907dd8701750063036f7264010118746578742f706c61696e3b636861727365743d7574662d3800357b2270223a226272632d3230222c226f70223a226d696e74222c227469636b223a22676d676e222c22616d74223a2231303030227d68,c1117f692257b2331233b5705ce9c682be8719ff1b2b64cbca290bd6faeb54423e,bc1pjhzjj4pqhxw8szz94uy8qa4lj84kkmggga9lmmldglkwgfef822sf90czx,787999,public-sample-v0.1.0
7035d7587dacd0c78aa1879d4a23e2856716e40eab24897e41729557069bb5ab,0,mainnet,20117f692257b2331233b5705ce9c682be8719ff1b2b64cbca290bd6faeb54423eac06b94404dd8701750063036f7264010118746578742f706c61696e3b636861727365743d7574662d3800357b2270223a226272632d3230222c226f70223a226d696e74222c227469636b223a22676d676e222c22616d74223a2231303030227d68,c0117f692257b2331233b5705ce9c682be8719ff1b2b64cbca290bd6faeb54423e,bc1pjn3hs55989qfzf5k48fxxy3s8zfx5vyumr840kr4yphawkv5sknsrsdgq0,787999,public-sample-v0.1.0
bc48e76b8d762b5541b27053867cc72e6b24da5c8643981171be54380b7ba9ab,0,mainnet,20117f692257b2331233b5705ce9c682be8719ff1b2b64cbca290bd6faeb54423eac062457fbdc8701750063036f7264010118746578742f706c61696e3b636861727365743d7574662d3800357b2270223a226272632d3230222c226f70223a226d696e74222c227469636b223a22676d676e222c22616d74223a2231303030227d68,c1117f692257b2331233b5705ce9c682be8719ff1b2b64cbca290bd6faeb54423e,bc1p50p4xklt5g0y9nnvprpz2s4sj849ac8lv6jmryx70f7zyfks6a7sfqn44h,787999,public-sample-v0.1.0
5d955892b492c873ea025c8643817e001d4010ac95b45109f3a3c2d09539e2aa,0,mainnet,20117f692257b2331233b5705ce9c682be8719ff1b2b64cbca290bd6faeb54423eac064e8df2dc8701750063036f7264010118746578742f706c61696e3b636861727365743d7574662d3800357b2270223a226272632d3230222c226f70223a226d696e74222c227469636b223a22676d676e222c22616d74223a2231303030227d68,c0117f692257b2331233b5705ce9c682be8719ff1b2b64cbca290bd6faeb54423e,bc1ptfc9wxmj59k0avxrrangz4d0zn8yq9lpm0rwnnrs0ks9vxrx35zsj3vmuv,787999,public-sample-v0.1.0
118f219c63c209f60106e4c7b68d3936e697ff250cadb7072dc2ae20081125aa,0,mainnet,20117f692257b2331233b5705ce9c682be8719ff1b2b64cbca290bd6faeb54423eac06c92e53de8701750063036f7264010118746578742f706c61696e3b636861727365743d7574662d3800357b2270223a226272632d3230222c226f70223a226d696e74222c227469636b223a2276646278222c22616d74223a2231303030227d68,c0117f692257b2331233b5705ce9c682be8719ff1b2b64cbca290bd6faeb54423e,bc1p6xkzw82kv53gjmc68sudwzz6nxh98fwt6c9va6s9cctf7gfu95aq8vh5vp,787999,public-sample-v0.1.0
c0f2c0e92c29f91dc0f168a97632a1cec3b0d3e7a6e278d5fba974ad36c5d5a8,0,mainnet,20117f692257b2331233b5705ce9c682be8719ff1b2b64cbca290bd6faeb54423eac064c740edd8701750063036f7264010118746578742f706c61696e3b636861727365743d7574662d3800357b2270223a226272632d3230222c226f70223a226d696e74222c227469636b223a22676d676e222c22616d74223a2231303030227d68,c1117f692257b2331233b5705ce9c682be8719ff1b2b64cbca290bd6faeb54423e,bc1ph95l3vtwsfyu5z56puc0dtfpljfmnvaskcpx3jqmsnxzlpmr0hhqskc0am,787999,public-sample-v0.1.0
4d2168492fd938a5ad635c670323e0a01b6ac33a0eb12afb57cc790bc2a9c6a8,0,mainnet,20117f692257b2331233b5705ce9c682be8719ff1b2b64cbca290bd6faeb54423eac06c92e53de8701750063036f7264010118746578742f706c61696e3b636861727365743d7574662d3800357b2270223a226272632d3230222c226f70223a226d696e74222c227469636b223a2276646278222c22616d74223a2231303030227d68,c0117f692257b2331233b5705ce9c682be8719ff1b2b64cbca290bd6faeb54423e,bc1p6xkzw82kv53gjmc68sudwzz6nxh98fwt6c9va6s9cctf7gfu95aq8vh5vp,787999,public-sample-v0.1.0
a83ed6def2aa31cf9758d5cab2c4ebb488507f98ec9bb73c21219407d990a2a8,0,mainnet,20117f692257b2331233b5705ce9c682be8719ff1b2b64cbca290bd6faeb54423eac064c740edd8701750063036f7264010118746578742f706c61696e3b636861727365743d7574662d3800357b2270223a226272632d3230222c226f70223a226d696e74222c227469636b223a22676d676e222c22616d74223a2231303030227d68,c1117f692257b2331233b5705ce9c682be8719ff1b2b64cbca290bd6faeb54423e,bc1ph95l3vtwsfyu5z56puc0dtfpljfmnvaskcpx3jqmsnxzlpmr0hhqskc0am,787999,public-sample-v0.1.0
9ed0f70af49fa1c9d494102e5f0c0ac6ac6ae06868fd4735ba8bd265658e95a7,0,mainnet,20117f692257b2331233b5705ce9c682be8719ff1b2b64cbca290bd6faeb54423eac066b4211dd8701750063036f7264010118746578742f706c61696e3b636861727365743d7574662d3800357b2270223a226272632d3230222c226f70223a226d696e74222c227469636b223a22676d676e222c22616d74223a2231303030227d68,c0117f692257b2331233b5705ce9c682be8719ff1b2b64cbca290bd6faeb54423e,bc1pkfqw65dmnq48ju9sqslyct0a6g9y32nr2aqt2pedadt3rqxec5wqsajv8k,787999,public-sample-v0.1.0
f2a5ebac7bb16bbe78b56c03cf2964f6cd111517d460acd9b040f0b8f75992a7,0,mainnet,20117f692257b2331233b5705ce9c682be8719ff1b2b64cbca290bd6faeb54423eac066b20f6dc8701750063036f7264010118746578742f706c61696e3b636861727365743d7574662d3800357b2270223a226272632d3230222c226f70223a226d696e74222c227469636b223a22676d676e222c22616d74223a2231303030227d68,c1117f692257b2331233b5705ce9c682be8719ff1b2b64cbca290bd6faeb54423e,bc1p8ndnx8vkq2t8x9azvu3qmp8n6krayuf9j9ln9d53agggungqrx4s3ndel6,787999,public-sample-v0.1.0
fd9764c2ea80de211284f5111ce4e1e08f2157e3d5d32b1545c02be8e6e92ea7,0,mainnet,20117f692257b2331233b5705ce9c682be8719ff1b2b64cbca290bd6faeb54423eac0668210cdd8701750063036f7264010118746578742f706c61696e3b636861727365743d7574662d3800357b2270223a226272632d3230222c226f70223a226d696e74222c227469636b223a22676d676e222c22616d74223a2231303030227d68,c0117f692257b2331233b5705ce9c682be8719ff1b2b64cbca290bd6faeb54423e,bc1pstarcmvpxpw0wdcvtk9pvfuycguuzl2rdfn8huamsvg9wtnlhkuq7s40pt,787999,public-sample-v0.1.0
49d87897a4a1886b85f63b208d423076f52926d6a81782c42b57c7e59ee0bda6,0,mainnet,20117f692257b2331233b5705ce9c682be8719ff1b2b64cbca290bd6faeb54423eac06ef7809dd8701750063036f7264010118746578742f706c61696e3b636861727365743d7574662d3800327b2270223a226272632d3230222c226f70223a226d696e74222c227469636b223a22686f6c64222c22616d74223a2235227d68,c0117f692257b2331233b5705ce9c682be8719ff1b2b64cbca290bd6faeb54423e,bc1pm690ggx67ra08x556lgq4mn946nn3hryhrl8lpdnvgxqld59a8aqdl44lu,787999,public-sample-v0.1.0
2d5ab1beccbafad775f706e25e4c295c548210c678430b3939bc6830ab56b0a6,0,mainnet,20117f692257b2331233b5705ce9c682be8719ff1b2b64cbca290bd6faeb54423eac06c7e46ede8701750063036f7264010118746578742f706c61696e3b636861727365743d7574662d3800357b2270223a226272632d3230222c226f70223a226d696e74222c227469636b223a224d414741222c22616d74223a2232313030227d68,c1117f692257b2331233b5705ce9c682be8719ff1b2b64cbca290bd6faeb54423e,bc1pagacas832wzjsshw9efw2eew92lcgdaynxpf8jc5265cas0emgwstjpmjm,787999,public-sample-v0.1.0
bd3d911ec1f9c753d78ba966aebf7ee93ebd5443401277d1bf66edcee541d0a4,0,mainnet,20117f692257b2331233b5705ce9c682be8719ff1b2b64cbca290bd6faeb54423eac061e4cfcdc8701750063036f7264010118746578742f706c61696e3b636861727365743d7574662d3800357b2270223a226272632d3230222c226f70223a226d696e74222c227469636b223a22676d676e222c22616d74223a2231303030227d68,c1117f692257b2331233b5705ce9c682be8719ff1b2b64cbca290bd6faeb54423e,bc1p73rs67rplfl4vmc4u3v3yewtcyyh0mjhfr9937jfmqpshzvtpe2sa4q7zp,787999,public-sample-v0.1.0
53d3dbeea14c419d2992fb604ce55bb18f3dc2a3ca168b07117cd7ea72aea8a4,0,mainnet,20117f692257b2331233b5705ce9c682be8719ff1b2b64cbca290bd6faeb54423eac066b4211dd8701750063036f7264010118746578742f706c61696e3b636861727365743d7574662d3800357b2270223a226272632d3230222c226f70223a226d696e74222c227469636b223a22676d676e222c22616d74223a2231303030227d68,c0117f692257b2331233b5705ce9c682be8719ff1b2b64cbca290bd6faeb54423e,bc1pkfqw65dmnq48ju9sqslyct0a6g9y32nr2aqt2pedadt3rqxec5wqsajv8k,787999,public-sample-v0.1.0
56bafbbdc1fcd87e4dc6fb35fb20c44e8d7650ecf0e9b3e42253dea3e9889ca4,0,mainnet,20117f692257b2331233b5705ce9c682be8719ff1b2b64cbca290bd6faeb54423eac06b94404dd8701750063036f7264010118746578742f706c61696e3b636861727365743d7574662d3800357b2270223a226272632d3230222c226f70223a226d696e74222c227469636b223a22676d676e222c22616d74223a2231303030227d68,c0117f692257b2331233b5705ce9c682be8719ff1b2b64cbca290bd6faeb54423e,bc1pjn3hs55989qfzf5k48fxxy3s8zfx5vyumr840kr4yphawkv5sknsrsdgq0,787999,public-sample-v0.1.0
84512bcc4656b31e644d00cb9ac864e9f5308d949a5051937a584fd985195fa3,0,mainnet,20117f692257b2331233b5705ce9c682be8719ff1b2b64cbca290bd6faeb54423eac065b7000dd8701750063036f7264010118746578742f706c61696e3b636861727365743d7574662d3800357b2270223a226272632d3230222c226f70223a226d696e74222c227469636b223a22676d676e222c22616d74223a2231303030227d68,c0117f692257b2331233b5705ce9c682be8719ff1b2b64cbca290bd6faeb54423e,bc1pd9acdyqt0v2vrps35yuf3sk7cydcxvut8q3qejeynjhqus3t0rfq8xrd0l,787999,public-sample-v0.1.0
cad4131969feb9888d631ced8cc29e665df214300ae95c358c2bc599348f45a3,0,mainnet,20117f692257b2331233b5705ce9c682be8719ff1b2b64cbca290bd6faeb54423eac06e3ed03dd8701750063036f7264010118746578742f706c61696e3b636861727365743d7574662d3800357b2270223a226272632d3230222c226f70223a226d696e74222c227469636b223a22676d676e222c22616d74223a2231303030227d68,c1117f692257b2331233b5705ce9c682be8719ff1b2b64cbca290bd6faeb54423e,bc1plx2zdxgnwaqkrgy875hrm8uzmmhr5z9za0edqd2pwhsgf6v58rcshud4tj,787999,public-sample-v0.1.0
e823becfb057d67f719aeeac4ae154247669f914cc2fd3ebf7b2a4b4db29b1a2,0,mainnet,20117f692257b2331233b5705ce9c682be8719ff1b2b64cbca290bd6faeb54423eac06f717f7dc8701750063036f7264010118746578742f706c61696e3b636861727365743d7574662d3800357b2270223a226272632d3230222c226f70223a226d696e74222c227469636b223a22676d676e222c22616d74223a2231303030227d68,c0117f692257b2331233b5705ce9c682be8719ff1b2b64cbca290bd6faeb54423e,bc1pwksq6l78uy2cxfke0pr434xvkdlvh5lr26znr6lunqyq2xrvkmws9cz8n0,787999,public-sample-v0.1.0
19af4a04ab35205d99ffab1f905559850f6ded8532ba8f515f6b7e40ac86e1a0,0,mainnet,20117f692257b2331233b5705ce9c682be8719ff1b2b64cbca290bd6faeb54423eac06d098fcdc8701750063036f7264010118746578742f706c61696e3b636861727365743d7574662d3800357b2270223a226272632d3230222c226f70223a226d696e74222c227469636b223a22676d676e222c22616d74223a2231303030227d68,c1117f692257b2331233b5705ce9c682be8719ff1b2b64cbca290bd6faeb54423e,bc1pv73u28nzrl2m489x62am3c0yz7rcxe3h4f3zpxlwa8fxv5yhgs2q6ma5ku,787999,public-sample-v0.1.0
754bb9ceb40261be34ffa3aabc55b372df66cd9e0415461995ef6386f9a4dd9f,0,mainnet,20117f692257b2331233b5705ce9c682be8719ff1b2b64cbca290bd6faeb54423eac064b97fbdc8701750063036f7264010118746578742f706c61696e3b636861727365743d7574662d3800357b2270223a226272632d3230222c226f70223a226d696e74222c227469636b223a22676d676e222c22616d74223a2231303030227d68,c1117f692257b2331233b5705ce9c682be8719ff1b2b64cbca290bd6faeb54423e,bc1ppfrmhjfdmwnmdcp3dvcrxd93h02qprcqrdzftzzfa692qnzwfswq9rku6w,787999,public-sample-v0.1.0
99e4d87aeb2c809c0f971b6f5ab6df465014e03f11802317d5632d4b403b819f,0,mainnet,20117f692257b2331233b5705ce9c682be8719ff1b2b64cbca290bd6faeb54423eac06f717f7dc8701750063036f7264010118746578742f706c61696e3b636861727365743d7574662d3800357b2270223a226272632d3230222c226f70223a226d696e74222c227469636b223a22676d676e222c22616d74223a2231303030227d68,c0117f692257b2331233b5705ce9c682be8719ff1b2b64cbca290bd6faeb54423e,bc1pwksq6l78uy2cxfke0pr434xvkdlvh5lr26znr6lunqyq2xrvkmws9cz8n0,787999,public-sample-v0.1.0
0b87538d03c96bc776275b0ad1812d7d7ae70526efa94a4f943cdccba078bd9e,0,mainnet,20117f692257b2331233b5705ce9c682be8719ff1b2b64cbca290bd6faeb54423eac06b94404dd8701750063036f7264010118746578742f706c61696e3b636861727365743d7574662d3800357b2270223a226272632d3230222c226f70223a226d696e74222c227469636b223a22676d676e222c22616d74223a2231303030227d68,c0117f692257b2331233b5705ce9c682be8719ff1b2b64cbca290bd6faeb54423e,bc1pjn3hs55989qfzf5k48fxxy3s8zfx5vyumr840kr4yphawkv5sknsrsdgq0,787999,public-sample-v0.1.0
580b54f5512a2be7bfb3b1ceadde9517e9391df08e15eeaf10cb9f9201e88d9e,0,mainnet,20117f692257b2331233b5705ce9c682be8719ff1b2b64cbca290bd6faeb54423eac06b94404dd8701750063036f7264010118746578742f706c61696e3b636861727365743d7574662d3800357b2270223a226272632d3230222c226f70223a226d696e74222c227469636b223a22676d676e222c22616d74223a2231303030227d68,c0117f692257b2331233b5705ce9c682be8719ff1b2b64cbca290bd6faeb54423e,bc1pjn3hs55989qfzf5k48fxxy3s8zfx5vyumr840kr4yphawkv5sknsrsdgq0,787999,public-sample-v0.1.0
9911ada0f11f0afbc42958e3feda00bb731ec1b4e361c926a5e54b53291a6c9e,0,mainnet,20117f692257b2331233b5705ce9c682be8719ff1b2b64cbca290bd6faeb54423eac06bdc3fcdc8701750063036f7264010118746578742f706c61696e3b636861727365743d7574662d3800357b2270223a226272632d3230222c226f70223a226d696e74222c227469636b223a22676d676e222c22616d74223a2231303030227d68,c0117f692257b2331233b5705ce9c682be8719ff1b2b64cbca290bd6faeb54423e,bc1pu0cphdh7r6thqyjl3qqm0a6grdxah6lsd6qddhayw0pr4ahlhltqde6q5j,787999,public-sample-v0.1.0
a9064be9555b946c4e7e5ca789df6d151cc7987800aaa022b171cf4e5473f49d,0,mainnet,20117f692257b2331233b5705ce9c682be8719ff1b2b64cbca290bd6faeb54423eac06341907dd8701750063036f7264010118746578742f706c61696e3b636861727365743d7574662d3800357b2270223a226272632d3230222c226f70223a226d696e74222c227469636b223a22676d676e222c22616d74223a2231303030227d68,c1117f692257b2331233b5705ce9c682be8719ff1b2b64cbca290bd6faeb54423e,bc1pjhzjj4pqhxw8szz94uy8qa4lj84kkmggga9lmmldglkwgfef822sf90czx,787999,public-sample-v0.1.0
5afea7ecf43d42760408cd60bdc641d1fa0de83bb1854768217b818dafc3949d,0,mainnet,20117f692257b2331233b5705ce9c682be8719ff1b2b64cbca290bd6faeb54423eac06ef7809dd8701750063036f7264010118746578742f706c61696e3b636861727365743d7574662d3800327b2270223a226272632d3230222c226f70223a226d696e74222c227469636b223a22686f6c64222c22616d74223a2235227d68,c0117f692257b2331233b5705ce9c682be8719ff1b2b64cbca290bd6faeb54423e,bc1pm690ggx67ra08x556lgq4mn946nn3hryhrl8lpdnvgxqld59a8aqdl44lu,787999,public-sample-v0.1.0
f950f2a1d98b4d008e87b157ba48afdddf07da14ae01ead7173998ae9191489d,0,mainnet,20117f692257b2331233b5705ce9c682be8719ff1b2b64cbca290bd6faeb54423eac064c740edd8701750063036f7264010118746578742f706c61696e3b636861727365743d7574662d3800357b2270223a226272632d3230222c226f70223a226d696e74222c227469636b223a22676d676e222c22616d74223a2231303030227d68,c1117f692257b2331233b5705ce9c682be8719ff1b2b64cbca290bd6faeb54423e,bc1ph95l3vtwsfyu5z56puc0dtfpljfmnvaskcpx3jqmsnxzlpmr0hhqskc0am,787999,public-sample-v0.1.0
05ea3d3f2408fce2f2a41d43cfe1bb9d61a35d9e6e0421dfedcf98a73157709c,0,mainnet,20117f692257b2331233b5705ce9c682be8719ff1b2b64cbca290bd6faeb54423eac06581b04dd8701750063036f7264010118746578742f706c61696e3b636861727365743d7574662d3800357b2270223a226272632d3230222c226f70223a226d696e74222c227469636b223a22676d676e222c22616d74223a2231303030227d68,c0117f692257b2331233b5705ce9c682be8719ff1b2b64cbca290bd6faeb54423e,bc1pk868cals792v4hsd7r4ajh0w0cel3lssm4nrwt88nzufn6e4qptsepnhs3,787999,public-sample-v0.1.0
21c2e39020a82bb914a77bc20d8f889c63df2c38909bb7b8bbdd8b72c7b9209c,0,mainnet,20117f692257b2331233b5705ce9c682be8719ff1b2b64cbca290bd6faeb54423eac0654b6ffdc8701750063036f7264010118746578742f706c61696e3b636861727365743d7574662d3800357b2270223a226272632d3230222c226f70223a226d696e74222c227469636b223a22676d676e222c22616d74223a2231303030227d68,c1117f692257b2331233b5705ce9c682be8719ff1b2b64cbca290bd6faeb54423e,bc1p97wde084z3k9vsrh4jfsgdl34u8g4k0mvrteg5p5n5f2qrcyhcss2gsc75,787999,public-sample-v0.1.0
367db8f286503bb32519092af9e805e6aa1421717c0b0b166b7ddf069dde689b,0,mainnet,20117f692257b2331233b5705ce9c682be8719ff1b2b64cbca290bd6faeb54423eac06ba4c08dd8701750063036f7264010118746578742f706c61696e3b636861727365743d7574662d3800357b2270223a226272632d3230222c226f70223a226d696e74222c227469636b223a22676d676e222c22616d74223a2231303030227d68,c0117f692257b2331233b5705ce9c682be8719ff1b2b64cbca290bd6faeb54423e,bc1pfuh7r77cs5nm7mu2yyhn3wduskf5hfp3q4jmqtazzyjmzaqxt8as9r5jzr,787999,public-sample-v0.1.0
f779caf13092b2dcee9664720370932ca7c923fec5d2ce7fcace1d5c75ad019b,0,mainnet,20117f692257b2331233b5705ce9c682be8719ff1b2b64cbca290bd6faeb54423eac064e8df2dc8701750063036f7264010118746578742f706c61696e3b636861727365743d7574662d3800357b2270223a226272632d3230222c226f70223a226d696e74222c227469636b223a22676d676e222c22616d74223a2231303030227d68,c0117f692257b2331233b5705ce9c682be8719ff1b2b64cbca290bd6faeb54423e,bc1ptfc9wxmj59k0avxrrangz4d0zn8yq9lpm0rwnnrs0ks9vxrx35zsj3vmuv,787999,public-sample-v0.1.0
10be5ff2a7d8eac9cac8916f5de87ee219e92a5ddd7462eedae7b5c9ae03769a,0,mainnet,20117f692257b2331233b5705ce9c682be8719ff1b2b64cbca290bd6faeb54423eac06f2a50cdd8701750063036f7264010118746578742f706c61696e3b636861727365743d7574662d3800357b2270223a226272632d3230222c226f70223a226d696e74222c227469636b223a22676d676e222c22616d74223a2231303030227d68,c1117f692257b2331233b5705ce9c682be8719ff1b2b64cbca290bd6faeb54423e,bc1pegsrvknfj5acltaweaf7ehu05v3nqg4sngzfwrumq9835pdgu4zq7ga8qq,787999,public-sample-v0.1.0
889176fa412d33fa537c94b25abff0065dc2af5aef960a7851bbc1a791f68499,0,mainnet,20117f692257b2331233b5705ce9c682be8719ff1b2b64cbca290bd6faeb54423eac065b7000dd8701750063036f7264010118746578742f706c61696e3b636861727365743d7574662d3800357b2270223a226272632d3230222c226f70223a226d696e74222c227469636b223a22676d676e222c22616d74223a2231303030227d68,c0117f692257b2331233b5705ce9c682be8719ff1b2b64cbca290bd6faeb54423e,bc1pd9acdyqt0v2vrps35yuf3sk7cydcxvut8q3qejeynjhqus3t0rfq8xrd0l,787999,public-sample-v0.1.0
277d3e932543cee79af5bfc67b50c3e3b5476831627d28c9e2812f16f0eb4d99,0,mainnet,20117f692257b2331233b5705ce9c682be8719ff1b2b64cbca290bd6faeb54423eac065e17f5dc8701750063036f7264010118746578742f706c61696e3b636861727365743d7574662d3800357b2270223a226272632d3230222c226f70223a226d696e74222c227469636b223a22676d676e222c22616d74223a2231303030227d68,c1117f692257b2331233b5705ce9c682be8719ff1b2b64cbca290bd6faeb54423e,bc1phdyta06ux73syka2adv75wmm9dsjvxus5m0ndval56dz39qfpq7qc6lhrm,787999,public-sample-v0.1.0
f966471a8507f892dcf786ca2803d11c50433edba6f93a08591becb57c382999,0,mainnet,20117f692257b2331233b5705ce9c682be8719ff1b2b64cbca290bd6faeb54423eac06bdc3fcdc8701750063036f7264010118746578742f706c61696e3b636861727365743d7574662d3800357b2270223a226272632d3230222c226f70223a226d696e74222c227469636b223a22676d676e222c22616d74223a2231303030227d68,c0117f692257b2331233b5705ce9c682be8719ff1b2b64cbca290bd6faeb54423e,bc1pu0cphdh7r6thqyjl3qqm0a6grdxah6lsd6qddhayw0pr4ahlhltqde6q5j,787999,public-sample-v0.1.0
d3c6f27b808d0653a3b259d10bb838eff31a2e8ab5021e300d90dd8dcd2e3898,0,mainnet,20117f692257b2331233b5705ce9c682be8719ff1b2b64cbca290bd6faeb54423eac06581b04dd8701750063036f7264010118746578742f706c61696e3b636861727365743d7574662d3800357b2270223a226272632d3230222c226f70223a226d696e74222c227469636b223a22676d676e222c22616d74223a2231303030227d68,c0117f692257b2331233b5705ce9c682be8719ff1b2b64cbca290bd6faeb54423e,bc1pk868cals792v4hsd7r4ajh0w0cel3lssm4nrwt88nzufn6e4qptsepnhs3,787999,public-sample-v0.1.0
5db11c3d983506e7c063440cef435e20dfabc6d6d1465cdbe72fe5306e4f0797,0,mainnet,20117f692257b2331233b5705ce9c682be8719ff1b2b64cbca290bd6faeb54423eac06ef7809dd8701750063036f7264010118746578742f706c61696e3b636861727365743d7574662d3800327b2270223a226272632d3230222c226f70223a226d696e74222c227469636b223a22686f6c64222c22616d74223a2235227d68,c0117f692257b2331233b5705ce9c682be8719ff1b2b64cbca290bd6faeb54423e,bc1pm690ggx67ra08x556lgq4mn946nn3hryhrl8lpdnvgxqld59a8aqdl44lu,787999,public-sample-v0.1.0
a0952ed8f50bbfa7657acddf5cbb582bfa2321a73d3c908e92bccfbf30133e96,0,mainnet,20117f692257b2331233b5705ce9c682be8719ff1b2b64cbca290bd6faeb54423eac06bdc3fcdc8701750063036f7264010118746578742f706c61696e3b636861727365743d7574662d3800357b2270223a226272632d3230222c226f70223a226d696e74222c227469636b223a22676d676e222c22616d74223a2231303030227d68,c0117f692257b2331233b5705ce9c682be8719ff1b2b64cbca290bd6faeb54423e,bc1pu0cphdh7r6thqyjl3qqm0a6grdxah6lsd6qddhayw0pr4ahlhltqde6q5j,787999,public-sample-v0.1.0
c5ca055cdaf367c66167a7e05921972589e123a594c4bb3136ba9b87767c3596,0,mainnet,20117f692257b2331233b5705ce9c682be8719ff1b2b64cbca290bd6faeb54423eac064e8df2dc8701750063036f7264010118746578742f706c61696e3b636861727365743d7574662d3800357b2270223a226272632d3230222c226f70223a226d696e74222c227469636b223a22676d676e222c22616d74223a2231303030227d68,c0117f692257b2331233b5705ce9c682be8719ff1b2b64cbca290bd6faeb54423e,bc1ptfc9wxmj59k0avxrrangz4d0zn8yq9lpm0rwnnrs0ks9vxrx35zsj3vmuv,787999,public-sample-v0.1.0
c418f16a7082a2beabc1e469c9efaff0359d42ec3c8d386835cfb5ff27a59e95,0,mainnet,20117f692257b2331233b5705ce9c682be8719ff1b2b64cbca290bd6faeb54423eac061e4cfcdc8701750063036f7264010118746578742f706c61696e3b636861727365743d7574662d3800357b2270223a226272632d3230222c226f70223a226d696e74222c227469636b223a22676d676e222c22616d74223a2231303030227d68,c1117f692257b2331233b5705ce9c682be8719ff1b2b64cbca290bd6faeb54423e,bc1p73rs67rplfl4vmc4u3v3yewtcyyh0mjhfr9937jfmqpshzvtpe2sa4q7zp,787999,public-sample-v0.1.0
71fe89798212fbcf39cdf2c9042a517163e93b29c02fe87e053aac67f5331495,0,mainnet,20117f692257b2331233b5705ce9c682be8719ff1b2b64cbca290bd6faeb54423eac063b6bffdc8701750063036f7264010118746578742f706c61696e3b636861727365743d7574662d3800357b2270223a226272632d3230222c226f70223a226d696e74222c227469636b223a22676d676e222c22616d74223a2231303030227d68,c1117f692257b2331233b5705ce9c682be8719ff1b2b64cbca290bd6faeb54423e,bc1per77k5hea4v5gv69jjazllajzlqlhlkx67l96f45qm44ymsw4rsqfhss6h,787999,public-sample-v0.1.0
b650b2d96763073a2033ebf5e92d378b1452d19d61f19d1970d70bc93b126494,0,mainnet,20117f692257b2331233b5705ce9c682be8719ff1b2b64cbca290bd6faeb54423eac06d098fcdc8701750063036f7264010118746578742f706c61696e3b636861727365743d7574662d3800357b2270223a226272632d3230222c226f70223a226d696e74222c227469636b223a22676d676e222c22616d74223a2231303030227d68,c1117f692257b2331233b5705ce9c682be8719ff1b2b64cbca290bd6faeb54423e,bc1pv73u28nzrl2m489x62am3c0yz7rcxe3h4f3zpxlwa8fxv5yhgs2q6ma5ku,787999,public-sample-v0.1.0
feab8e7516960be6eed9d72bda011c089908e1eef7a007795263cdd002955994,0,mainnet,20117f692257b2331233b5705ce9c682be8719ff1b2b64cbca290bd6faeb54423eac066b20f6dc8701750063036f7264010118746578742f706c61696e3b636861727365743d7574662d3800357b2270223a226272632d3230222c226f70223a226d696e74222c227469636b223a22676d676e222c22616d74223a2231303030227d68,c1117f692257b2331233b5705ce9c682be8719ff1b2b64cbca290bd6faeb54423e,bc1p8ndnx8vkq2t8x9azvu3qmp8n6krayuf9j9ln9d53agggungqrx4s3ndel6,787999,public-sample-v0.1.0
fd817b222042307717dc49c8076b412991d1c05f9995bbe401e04ce848d57d93,0,mainnet,20117f692257b2331233b5705ce9c682be8719ff1b2b64cbca290bd6faeb54423eac06ba4c08dd8701750063036f7264010118746578742f706c61696e3b636861727365743d7574662d3800357b2270223a226272632d3230222c226f70223a226d696e74222c227469636b223a22676d676e222c22616d74223a2231303030227d68,c0117f692257b2331233b5705ce9c682be8719ff1b2b64cbca290bd6faeb54423e,bc1pfuh7r77cs5nm7mu2yyhn3wduskf5hfp3q4jmqtazzyjmzaqxt8as9r5jzr,787999,public-sample-v0.1.0
82a27fe6a1797888d0a7cc6dd8632336a59551bda6abfd85203680a9394a4993,0,mainnet,20117f692257b2331233b5705ce9c682be8719ff1b2b64cbca290bd6faeb54423eac063b6bffdc8701750063036f7264010118746578742f706c61696e3b636861727365743d7574662d3800357b2270223a226272632d3230222c226f70223a226d696e74222c227469636b223a22676d676e222c22616d74223a2231303030227d68,c1117f692257b2331233b5705ce9c682be8719ff1b2b64cbca290bd6faeb54423e,bc1per77k5hea4v5gv69jjazllajzlqlhlkx67l96f45qm44ymsw4rsqfhss6h,787999,public-sample-v0.1.0
aff394454d3bc3ca180935e8bb31968adfa3d67d84a7c9435330c4ddfc043d93,0,mainnet,20117f692257b2331233b5705ce9c682be8719ff1b2b64cbca290bd6faeb54423eac064e8df2dc8701750063036f7264010118746578742f706c61696e3b636861727365743d7574662d3800357b2270223a226272632d3230222c226f70223a226d696e74222c227469636b223a22676d676e222c22616d74223a2231303030227d68,c0117f692257b2331233b5705ce9c682be8719ff1b2b64cbca290bd6faeb54423e,bc1ptfc9wxmj59k0avxrrangz4d0zn8yq9lpm0rwnnrs0ks9vxrx35zsj3vmuv,787999,public-sample-v0.1.0
f96809b7cc60719aeb3343767196400101add7da6d046ba64be96317b351a992,0,mainnet,20117f692257b2331233b5705ce9c682be8719ff1b2b64cbca290bd6faeb54423eac06581b04dd8701750063036f7264010118746578742f706c61696e3b636861727365743d7574662d3800357b2270223a226272632d3230222c226f70223a226d696e74222c227469636b223a22676d676e222c22616d74223a2231303030227d68,c0117f692257b2331233b5705ce9c682be8719ff1b2b64cbca290bd6faeb54423e,bc1pk868cals792v4hsd7r4ajh0w0cel3lssm4nrwt88nzufn6e4qptsepnhs3,787999,public-sample-v0.1.0
26bfad99d86dd421ab03b70f66ab76520e334ec7a8ddc13a52e807b9d148a692,0,mainnet,20117f692257b2331233b5705ce9c682be8719ff1b2b64cbca290bd6faeb54423eac064e8df2dc8701750063036f7264010118746578742f706c61696e3b636861727365743d7574662d3800357b2270223a226272632d3230222c226f70223a226d696e74222c227469636b223a22676d676e222c22616d74223a2231303030227d68,c0117f692257b2331233b5705ce9c682be8719ff1b2b64cbca290bd6faeb54423e,bc1ptfc9wxmj59k0avxrrangz4d0zn8yq9lpm0rwnnrs0ks9vxrx35zsj3vmuv,787999,public-sample-v0.1.0
aca232eb82d79f0feaa24ee882cc0247ade41e2d14aebfb60f633201a8c24392,0,mainnet,20117f692257b2331233b5705ce9c682be8719ff1b2b64cbca290bd6faeb54423eac06341907dd8701750063036f7264010118746578742f706c61696e3b636861727365743d7574662d3800357b2270223a226272632d3230222c226f70223a226d696e74222c227469636b223a22676d676e222c22616d74223a2231303030227d68,c1117f692257b2331233b5705ce9c682be8719ff1b2b64cbca290bd6faeb54423e,bc1pjhzjj4pqhxw8szz94uy8qa4lj84kkmggga9lmmldglkwgfef822sf90czx,787999,public-sample-v0.1.0
46ed7e8b0070eeafecf0cc1b3bdb0b601b6f6d7c67b92344af0510280682d791,0,mainnet,20117f692257b2331233b5705ce9c682be8719ff1b2b64cbca290bd6faeb54423eac064c740edd8701750063036f7264010118746578742f706c61696e3b636861727365743d7574662d3800357b2270223a226272632d3230222c226f70223a226d696e74222c227469636b223a22676d676e222c22616d74223a2231303030227d68,c1117f692257b2331233b5705ce9c682be8719ff1b2b64cbca290bd6faeb54423e,bc1ph95l3vtwsfyu5z56puc0dtfpljfmnvaskcpx3jqmsnxzlpmr0hhqskc0am,787999,public-sample-v0.1.0
cb24dbae48b238c82747745fa9cc968e8a098f49dc2b5dbda421bc2eb0e36090,0,mainnet,20117f692257b2331233b5705ce9c682be8719ff1b2b64cbca290bd6faeb54423eac063b6bffdc8701750063036f7264010118746578742f706c61696e3b636861727365743d7574662d3800357b2270223a226272632d3230222c226f70223a226d696e74222c227469636b223a22676d676e222c22616d74223a2231303030227d68,c1117f692257b2331233b5705ce9c682be8719ff1b2b64cbca290bd6faeb54423e,bc1per77k5hea4v5gv69jjazllajzlqlhlkx67l96f45qm44ymsw4rsqfhss6h,787999,public-sample-v0.1.0
2079bbd933980864de7d3d67e84f50ad98ce7f4e16b1674af552aadd01a51890,0,mainnet,20117f692257b2331233b5705ce9c682be8719ff1b2b64cbca290bd6faeb54423eac064e8df2dc8701750063036f7264010118746578742f706c61696e3b636861727365743d7574662d3800357b2270223a226272632d3230222c226f70223a226d696e74222c227469636b223a22676d676e222c22616d74223a2231303030227d68,c0117f692257b2331233b5705ce9c682be8719ff1b2b64cbca290bd6faeb54423e,bc1ptfc9wxmj59k0avxrrangz4d0zn8yq9lpm0rwnnrs0ks9vxrx35zsj3vmuv,787999,public-sample-v0.1.0
46ba475c0bb14d1525890699fbee0294d25ce266c813745fe98490bf9b3ff28f,0,mainnet,20117f692257b2331233b5705ce9c682be8719ff1b2b64cbca290bd6faeb54423eac06b94404dd8701750063036f7264010118746578742f706c61696e3b636861727365743d7574662d3800357b2270223a226272632d3230222c226f70223a226d696e74222c227469636b223a22676d676e222c22616d74223a2231303030227d68,c0117f692257b2331233b5705ce9c682be8719ff1b2b64cbca290bd6faeb54423e,bc1pjn3hs55989qfzf5k48fxxy3s8zfx5vyumr840kr4yphawkv5sknsrsdgq0,787999,public-sample-v0.1.0
9f55e06c03fa1370a695637d934b813faaf4e7b7e02fd7a4fcf1d30782dea08e,0,mainnet,20117f692257b2331233b5705ce9c682be8719ff1b2b64cbca290bd6faeb54423eac06d098fcdc8701750063036f7264010118746578742f706c61696e3b636861727365743d7574662d3800357b2270223a226272632d3230222c226f70223a226d696e74222c227469636b223a22676d676e222c22616d74223a2231303030227d68,c1117f692257b2331233b5705ce9c682be8719ff1b2b64cbca290bd6faeb54423e,bc1pv73u28nzrl2m489x62am3c0yz7rcxe3h4f3zpxlwa8fxv5yhgs2q6ma5ku,787999,public-sample-v0.1.0
77f60dd97c98895473f924c02f7cfa75dfc9e7f7156cec3bbf468884ec50318e,0,mainnet,20117f692257b2331233b5705ce9c682be8719ff1b2b64cbca290bd6faeb54423eac06a603fddc8701750063036f7264010118746578742f706c61696e3b636861727365743d7574662d3800357b2270223a226272632d3230222c226f70223a226d696e74222c227469636b223a22676d676e222c22616d74223a2231303030227d68,c0117f692257b2331233b5705ce9c682be8719ff1b2b64cbca290bd6faeb54423e,bc1pnay00gxnmx25qv880ldr5updje5z8yf058aua8apr5qyrydle2dqpsjwrc,787999,public-sample-v0.1.0
9bd936dbb4118360b1b865d55c6d329748ee092c6fa6e622ba3e733f5e49d58d,0,mainnet,20117f692257b2331233b5705ce9c682be8719ff1b2b64cbca290bd6faeb54423eac06bdc3fcdc8701750063036f7264010118746578742f706c61696e3b636861727365743d7574662d3800357b2270223a226272632d3230222c226f70223a226d696e74222c227469636b223a22676d676e222c22616d74223a2231303030227d68,c0117f692257b2331233b5705ce9c682be8719ff1b2b64cbca290bd6faeb54423e,bc1pu0cphdh7r6thqyjl3qqm0a6grdxah6lsd6qddhayw0pr4ahlhltqde6q5j,787999,public-sample-v0.1.0
21a3586d3003b25e71339fcb7361cae23f0e5eb29d9fab8ceb8e04ed122e878d,0,mainnet,20117f692257b2331233b5705ce9c682be8719ff1b2b64cbca290bd6faeb54423eac0668210cdd8701750063036f7264010118746578742f706c61696e3b636861727365743d7574662d3800357b2270223a226272632d3230222c226f70223a226d696e74222c227469636b223a22676d676e222c22616d74223a2231303030227d68,c0117f692257b2331233b5705ce9c682be8719ff1b2b64cbca290bd6faeb54423e,bc1pstarcmvpxpw0wdcvtk9pvfuycguuzl2rdfn8huamsvg9wtnlhkuq7s40pt,787999,public-sample-v0.1.0
9dd0de972242b1f74662e0a4d3167ddd529402f9a8825dbbbae49304fb170c8d,0,mainnet,20117f692257b2331233b5705ce9c682be8719ff1b2b64cbca290bd6faeb54423eac064e8df2dc8701750063036f7264010118746578742f706c61696e3b636861727365743d7574662d3800357b2270223a226272632d3230222c226f70223a226d696e74222c227469636b223a22676d676e222c22616d74223a2231303030227d68,c0117f692257b2331233b5705ce9c682be8719ff1b2b64cbca290bd6faeb54423e,bc1ptfc9wxmj59k0avxrrangz4d0zn8yq9lpm0rwnnrs0ks9vxrx35zsj3vmuv,787999,public-sample-v0.1.0
d4d8e3115edac180597fc04f496eecb084154fb9fcac9c0e47dc37ce509cdb8c,0,mainnet,20117f692257b2331233b5705ce9c682be8719ff1b2b64cbca290bd6faeb54423eac06c7e46ede8701750063036f7264010118746578742f706c61696e3b636861727365743d7574662d3800357b2270223a226272632d3230222c226f70223a226d696e74222c227469636b223a224d414741222c22616d74223a2232313030227d68,c1117f692257b2331233b5705ce9c682be8719ff1b2b64cbca290bd6faeb54423e,bc1pagacas832wzjsshw9efw2eew92lcgdaynxpf8jc5265cas0emgwstjpmjm,787999,public-sample-v0.1.0
fec90f52226be6086f99a5621c8515093b5021fac1a41b85faaebf7f8cfb978c,0,mainnet,20117f692257b2331233b5705ce9c682be8719ff1b2b64cbca290bd6faeb54423eac06341907dd8701750063036f7264010118746578742f706c61696e3b636861727365743d7574662d3800357b2270223a226272632d3230222c226f70223a226d696e74222c227469636b223a22676d676e222c22616d74223a2231303030227d68,c1117f692257b2331233b5705ce9c682be8719ff1b2b64cbca290bd6faeb54423e,bc1pjhzjj4pqhxw8szz94uy8qa4lj84kkmggga9lmmldglkwgfef822sf90czx,787999,public-sample-v0.1.0
38bdcfe1a520538d21e6eb6be9684e95f99b22ff61d56625835d28c54111ef8a,0,mainnet,20117f692257b2331233b5705ce9c682be8719ff1b2b64cbca290bd6faeb54423eac06ef7809dd8701750063036f7264010118746578742f706c61696e3b636861727365743d7574662d3800327b2270223a226272632d3230222c226f70223a226d696e74222c227469636b223a22686f6c64222c22616d74223a2235227d68,c0117f692257b2331233b5705ce9c682be8719ff1b2b64cbca290bd6faeb54423e,bc1pm690ggx67ra08x556lgq4mn946nn3hryhrl8lpdnvgxqld59a8aqdl44lu,787999,public-sample-v0.1.0
546a18bbd30df1cad835445bcb1adb59d9a2e667ccb011cb19af2e3edf37168a,0,mainnet,20117f692257b2331233b5705ce9c682be8719ff1b2b64cbca290bd6faeb54423eac06b94404dd8701750063036f7264010118746578742f706c61696e3b636861727365743d7574662d3800357b2270223a226272632d3230222c226f70223a226d696e74222c227469636b223a22676d676e222c22616d74223a2231303030227d68,c0117f692257b2331233b5705ce9c682be8719ff1b2b64cbca290bd6faeb54423e,bc1pjn3hs55989qfzf5k48fxxy3s8zfx5vyumr840kr4yphawkv5sknsrsdgq0,787999,public-sample-v0.1.0
acd0c83fc7265780c528a85cf00e1ad53766aaec3248987454e033460cb28589,0,mainnet,20117f692257b2331233b5705ce9c682be8719ff1b2b64cbca290bd6faeb54423eac06f717f7dc8701750063036f7264010118746578742f706c61696e3b636861727365743d7574662d3800357b2270223a226272632d3230222c226f70223a226d696e74222c227469636b223a22676d676e222c22616d74223a2231303030227d68,c0117f692257b2331233b5705ce9c682be8719ff1b2b64cbca290bd6faeb54423e,bc1pwksq6l78uy2cxfke0pr434xvkdlvh5lr26znr6lunqyq2xrvkmws9cz8n0,787999,public-sample-v0.1.0
f4a6252830dddead09a7ec58c8e746339f37c9c7eee374e58b04b6221a295f89,0,mainnet,20117f692257b2331233b5705ce9c682be8719ff1b2b64cbca290bd6faeb54423eac06c92e53de8701750063036f7264010118746578742f706c61696e3b636861727365743d7574662d3800357b2270223a226272632d3230222c226f70223a226d696e74222c227469636b223a2276646278222c22616d74223a2231303030227d68,c0117f692257b2331233b5705ce9c682be8719ff1b2b64cbca290bd6faeb54423e,bc1p6xkzw82kv53gjmc68sudwzz6nxh98fwt6c9va6s9cctf7gfu95aq8vh5vp,787999,public-sample-v0.1.0
13551111a4b70db1114c646f020c2b4ce31e623c4b3ce2e18005dec6a1325f88,0,mainnet,20117f692257b2331233b5705ce9c682be8719ff1b2b64cbca290bd6faeb54423eac064e8df2dc8701750063036f7264010118746578742f706c61696e3b636861727365743d7574662d3800357b2270223a226272632d3230222c226f70223a226d696e74222c227469636b223a22676d676e222c22616d74223a2231303030227d68,c0117f692257b2331233b5705ce9c682be8719ff1b2b64cbca290bd6faeb54423e,bc1ptfc9wxmj59k0avxrrangz4d0zn8yq9lpm0rwnnrs0ks9vxrx35zsj3vmuv,787999,public-sample-v0.1.0
4fc400c6d72c834adaa9ec84b69bf30525fa91a7978a995302b86d5df007de87,0,mainnet,20117f692257b2331233b5705ce9c682be8719ff1b2b64cbca290bd6faeb54423eac06ba4c08dd8701750063036f7264010118746578742f706c61696e3b636861727365743d7574662d3800357b2270223a226272632d3230222c226f70223a226d696e74222c227469636b223a22676d676e222c22616d74223a2231303030227d68,c0117f692257b2331233b5705ce9c682be8719ff1b2b64cbca290bd6faeb54423e,bc1pfuh7r77cs5nm7mu2yyhn3wduskf5hfp3q4jmqtazzyjmzaqxt8as9r5jzr,787999,public-sample-v0.1.0
bbd90b6d21c30efa52d38e6697aa543d49128997db988a98d19a892d99eddb87,0,mainnet,20117f692257b2331233b5705ce9c682be8719ff1b2b64cbca290bd6faeb54423eac06581b04dd8701750063036f7264010118746578742f706c61696e3b636861727365743d7574662d3800357b2270223a226272632d3230222c226f70223a226d696e74222c227469636b223a22676d676e222c22616d74223a2231303030227d68,c0117f692257b2331233b5705ce9c682be8719ff1b2b64cbca290bd6faeb54423e,bc1pk868cals792v4hsd7r4ajh0w0cel3lssm4nrwt88nzufn6e4qptsepnhs3,787999,public-sample-v0.1.0
dabcc114d2ea9470e8bc3e5a6090de824f6f6b5dc047d33deb3f565221606187,0,mainnet,20117f692257b2331233b5705ce9c682be8719ff1b2b64cbca290bd6faeb54423eac063c7d13dd8701750063036f7264010118746578742f706c61696e3b636861727365743d7574662d3800357b2270223a226272632d3230222c226f70223a226d696e74222c227469636b223a22676d676e222c22616d74223a2231303030227d68,c0117f692257b2331233b5705ce9c682be8719ff1b2b64cbca290bd6faeb54423e,bc1pn0c7wgg39k4wxp46wfc6ta0asac2mwg4369xsfj7ecfv0lky78fsv6m0v2,787999,public-sample-v0.1.0
aa92a8fb236030627bed3f40ff62d73ce9886b188995f692a9615072e1602287,0,mainnet,20117f692257b2331233b5705ce9c682be8719ff1b2b64cbca290bd6faeb54423eac064c740edd8701750063036f7264010118746578742f706c61696e3b636861727365743d7574662d3800357b2270223a226272632d3230222c226f70223a226d696e74222c227469636b223a22676d676e222c22616d74223a2231303030227d68,c1117f692257b2331233b5705ce9c682be8719ff1b2b64cbca290bd6faeb54423e,bc1ph95l3vtwsfyu5z56puc0dtfpljfmnvaskcpx3jqmsnxzlpmr0hhqskc0am,787999,public-sample-v0.1.0
f5514db939197e94f9103bbc1d135d8cb18dcfd27811b763253776b2850a0787,0,mainnet,20117f692257b2331233b5705ce9c682be8719ff1b2b64cbca290bd6faeb54423eac06b94404dd8701750063036f7264010118746578742f706c61696e3b636861727365743d7574662d3800357b2270223a226272632d3230222c226f70223a226d696e74222c227469636b223a22676d676e222c22616d74223a2231303030227d68,c0117f692257b2331233b5705ce9c682be8719ff1b2b64cbca290bd6faeb54423e,bc1pjn3hs55989qfzf5k48fxxy3s8zfx5vyumr840kr4yphawkv5sknsrsdgq0,787999,public-sample-v0.1.0
a4c6de21cd5c49bcb069e6b375325a0937ec36faf4039ab1168790694a1fd586,0,mainnet,20117f692257b2331233b5705ce9c682be8719ff1b2b64cbca290bd6faeb54423eac064b97fbdc8701750063036f7264010118746578742f706c61696e3b636861727365743d7574662d3800357b2270223a226272632d3230222c226f70223a226d696e74222c227469636b223a22676d676e222c22616d74223a2231303030227d68,c1117f692257b2331233b5705ce9c682be8719ff1b2b64cbca290bd6faeb54423e,bc1ppfrmhjfdmwnmdcp3dvcrxd93h02qprcqrdzftzzfa692qnzwfswq9rku6w,787999,public-sample-v0.1.0
a8c2296532bc2105f39e333f44b49948c8855ffa9f4cee536737d1a3cb01bb86,0,mainnet,20117f692257b2331233b5705ce9c682be8719ff1b2b64cbca290bd6faeb54423eac06b94404dd8701750063036f7264010118746578742f706c61696e3b636861727365743d7574662d3800357b2270223a226272632d3230222c226f70223a226d696e74222c227469636b223a22676d676e222c22616d74223a2231303030227d68,c0117f692257b2331233b5705ce9c682be8719ff1b2b64cbca290bd6faeb54423e,bc1pjn3hs55989qfzf5k48fxxy3s8zfx5vyumr840kr4yphawkv5sknsrsdgq0,787999,public-sample-v0.1.0
0bd1626197a3f11fe39ddf24ba76bb33725674462cdd71103c57400bcec87c86,0,mainnet,20117f692257b2331233b5705ce9c682be8719ff1b2b64cbca290bd6faeb54423eac0654b6ffdc8701750063036f7264010118746578742f706c61696e3b636861727365743d7574662d3800357b2270223a226272632d3230222c226f70223a226d696e74222c227469636b223a22676d676e222c22616d74223a2231303030227d68,c1117f692257b2331233b5705ce9c682be8719ff1b2b64cbca290bd6faeb54423e,bc1p97wde084z3k9vsrh4jfsgdl34u8g4k0mvrteg5p5n5f2qrcyhcss2gsc75,787999,public-sample-v0.1.0
4af6eb385d942d0bad6b56e51ee59cd9641a644a14f99f5a692f18f36066ce85,0,mainnet,20117f692257b2331233b5705ce9c682be8719ff1b2b64cbca290bd6faeb54423eac0607abf6dc8701750063036f7264010118746578742f706c61696e3b636861727365743d7574662d3800357b2270223a226272632d3230222c226f70223a226d696e74222c227469636b223a2258545241222c22616d74223a2235303030227d68,c1117f692257b2331233b5705ce9c682be8719ff1b2b64cbca290bd6faeb54423e,bc1pj7t0c2v6klfdmury547qnscgjyqpvmwmhtdqpalantdcaljdxzdsad2fgm,787999,public-sample-v0.1.0
e6502c85b7e277f30688537774c285a1a6bb27265d6f654d3bcd044b49c70285,0,mainnet,20117f692257b2331233b5705ce9c682be8719ff1b2b64cbca290bd6faeb54423eac06581b04dd8701750063036f7264010118746578742f706c61696e3b636861727365743d7574662d3800357b2270223a226272632d3230222c226f70223a226d696e74222c227469636b223a22676d676e222c22616d74223a2231303030227d68,c0117f692257b2331233b5705ce9c682be8719ff1b2b64cbca290bd6faeb54423e,bc1pk868cals792v4hsd7r4ajh0w0cel3lssm4nrwt88nzufn6e4qptsepnhs3,787999,public-sample-v0.1.0
b1292ab0e4848b24089c46352e8294375922f5ffcf949cf65259ab77b5dc8584,0,mainnet,20117f692257b2331233b5705ce9c682be8719ff1b2b64cbca290bd6faeb54423eac064e8df2dc8701750063036f7264010118746578742f706c61696e3b636861727365743d7574662d3800357b2270223a226272632d3230222c226f70223a226d696e74222c227469636b223a22676d676e222c22616d74223a2231303030227d68,c0117f692257b2331233b5705ce9c682be8719ff1b2b64cbca290bd6faeb54423e,bc1ptfc9wxmj59k0avxrrangz4d0zn8yq9lpm0rwnnrs0ks9vxrx35zsj3vmuv,787999,public-sample-v0.1.0
a2d4f46c96f07bce5728a7c156139f1d193feb817c015999bdf8390bc903b883,0,mainnet,20117f692257b2331233b5705ce9c682be8719ff1b2b64cbca290bd6faeb54423eac063b6bffdc8701750063036f7264010118746578742f706c61696e3b636861727365743d7574662d3800357b2270223a226272632d3230222c226f70223a226d696e74222c227469636b223a22676d676e222c22616d74223a2231303030227d68,c1117f692257b2331233b5705ce9c682be8719ff1b2b64cbca290bd6faeb54423e,bc1per77k5hea4v5gv69jjazllajzlqlhlkx67l96f45qm44ymsw4rsqfhss6h,787999,public-sample-v0.1.0
1f9d7d6b7ae2edc8cc1aaaec5a01dd272bac944569d0aa457081650a20016683,0,mainnet,20117f692257b2331233b5705ce9c682be8719ff1b2b64cbca290bd6faeb54423eac06c92e53de8701750063036f7264010118746578742f706c61696e3b636861727365743d7574662d3800357b2270223a226272632d3230222c226f70223a226d696e74222c227469636b223a2276646278222c22616d74223a2231303030227d68,c0117f692257b2331233b5705ce9c682be8719ff1b2b64cbca290bd6faeb54423e,bc1p6xkzw82kv53gjmc68sudwzz6nxh98fwt6c9va6s9cctf7gfu95aq8vh5vp,787999,public-sample-v0.1.0
87ed3b87946d94c7e4c70f6b9dcffb117b858a0353a640ade3b137200d477582,0,mainnet,20117f692257b2331233b5705ce9c682be8719ff1b2b64cbca290bd6faeb54423eac06c92e53de8701750063036f7264010118746578742f706c61696e3b636861727365743d7574662d3800357b2270223a226272632d3230222c226f70223a226d696e74222c227469636b223a2276646278222c22616d74223a2231303030227d68,c0117f692257b2331233b5705ce9c682be8719ff1b2b64cbca290bd6faeb54423e,bc1p6xkzw82kv53gjmc68sudwzz6nxh98fwt6c9va6s9cctf7gfu95aq8vh5vp,787999,public-sample-v0.1.0
b78887cf5e69fc4179357ce43d0d8b9f515e7998767a1699462289c8816b6582,0,mainnet,20117f692257b2331233b5705ce9c682be8719ff1b2b64cbca290bd6faeb54423eac065ca0ffdc8701750063036f7264010118746578742f706c61696e3b636861727365743d7574662d3800357b2270223a226272632d3230222c226f70223a226d696e74222c227469636b223a22676d676e222c22616d74223a2231303030227d68,c1117f692257b2331233b5705ce9c682be8719ff1b2b64cbca290bd6faeb54423e,bc1pwzp4q7mna2q505ec3kj69q3jkcfej2he3fw6m530u5rtw2rr9h5q07qulg,787999,public-sample-v0.1.0
4c90c1840f9729a0a26259a9e184ee59eecbb2178e9b39bd8566e9d3b112cb80,0,mainnet,20117f692257b2331233b5705ce9c682be8719ff1b2b64cbca290bd6faeb54423eac063b6bffdc8701750063036f7264010118746578742f706c61696e3b636861727365743d7574662d3800357b2270223a226272632d3230222c226f70223a226d696e74222c227469636b223a22676d676e222c22616d74223a2231303030227d68,c1117f692257b2331233b5705ce9c682be8719ff1b2b64cbca290bd6faeb54423e,bc1per77k5hea4v5gv69jjazllajzlqlhlkx67l96f45qm44ymsw4rsqfhss6h,787999,public-sample-v0.1.0
30d6ad8c37220a307fb98e8195453e78b4c184201362c9c8226c2a7210777980,0,mainnet,20117f692257b2331233b5705ce9c682be8719ff1b2b64cbca290bd6faeb54423eac06bdc3fcdc8701750063036f7264010118746578742f706c61696e3b636861727365743d7574662d3800357b2270223a226272632d3230222c226f70223a226d696e74222c227469636b223a22676d676e222c22616d74223a2231303030227d68,c0117f692257b2331233b5705ce9c682be8719ff1b2b64cbca290bd6faeb54423e,bc1pu0cphdh7r6thqyjl3qqm0a6grdxah6lsd6qddhayw0pr4ahlhltqde6q5j,787999,public-sample-v0.1.0
f11325f98f0e553e427fca6f52715cf7b1747ee9fb664d733b8b994c9bdf6080,0,mainnet,20117f692257b2331233b5705ce9c682be8719ff1b2b64cbca290bd6faeb54423eac065ca0ffdc8701750063036f7264010118746578742f706c61696e3b636861727365743d7574662d3800357b2270223a226272632d3230222c226f70223a226d696e74222c227469636b223a22676d676e222c22616d74223a2231303030227d68,c1117f692257b2331233b5705ce9c682be8719ff1b2b64cbca290bd6faeb54423e,bc1pwzp4q7mna2q505ec3kj69q3jkcfej2he3fw6m530u5rtw2rr9h5q07qulg,787999,public-sample-v0.1.0
5391167b2c9d86ddfad2264f5425c48dba28b4f764f6cd9d63fbd5080e363480,0,mainnet,20117f692257b2331233b5705ce9c682be8719ff1b2b64cbca290bd6faeb54423eac06341907dd8701750063036f7264010118746578742f706c61696e3b636861727365743d7574662d3800357b2270223a226272632d3230222c226f70223a226d696e74222c227469636b223a22676d676e222c22616d74223a2231303030227d68,c1117f692257b2331233b5705ce9c682be8719ff1b2b64cbca290bd6faeb54423e,bc1pjhzjj4pqhxw8szz94uy8qa4lj84kkmggga9lmmldglkwgfef822sf90czx,787999,public-sample-v0.1.0
2d9139237649598b56971d364d3dd054ee4db2b7e01943df01f7515c46c52c80,0,mainnet,20117f692257b2331233b5705ce9c682be8719ff1b2b64cbca290bd6faeb54423eac065b7000dd8701750063036f7264010118746578742f706c61696e3b636861727365743d7574662d3800357b2270223a226272632d3230222c226f70223a226d696e74222c227469636b223a22676d676e222c22616d74223a2231303030227d68,c0117f692257b2331233b5705ce9c682be8719ff1b2b64cbca290bd6faeb54423e,bc1pd9acdyqt0v2vrps35yuf3sk7cydcxvut8q3qejeynjhqus3t0rfq8xrd0l,787999,public-sample-v0.1.0
defa90894ebc1e67f767c0f981a9142a1606d65a6ad562b62a604ea9d7482480,0,mainnet,20117f692257b2331233b5705ce9c682be8719ff1b2b64cbca290bd6faeb54423eac064e8df2dc8701750063036f7264010118746578742f706c61696e3b636861727365743d7574662d3800357b2270223a226272632d3230222c226f70223a226d696e74222c227469636b223a22676d676e222c22616d74223a2231303030227d68,c0117f692257b2331233b5705ce9c682be8719ff1b2b64cbca290bd6faeb54423e,bc1ptfc9wxmj59k0avxrrangz4d0zn8yq9lpm0rwnnrs0ks9vxrx35zsj3vmuv,787999,public-sample-v0.1.0
736fb29e725f565273eb4bd1f5839614add12453ce802e5db63949e4e4e0e57f,0,mainnet,20117f692257b2331233b5705ce9c682be8719ff1b2b64cbca290bd6faeb54423eac06f717f7dc8701750063036f7264010118746578742f706c61696e3b636861727365743d7574662d3800357b2270223a226272632d3230222c226f70223a226d696e74222c227469636b223a22676d676e222c22616d74223a2231303030227d68,c0117f692257b2331233b5705ce9c682be8719ff1b2b64cbca290bd6faeb54423e,bc1pwksq6l78uy2cxfke0pr434xvkdlvh5lr26znr6lunqyq2xrvkmws9cz8n0,787999,public-sample-v0.1.0
2bc524a5c4be64f5350dd18876d3f5f7e4295dc9cfaffdb64983ea2766e3c17f,0,mainnet,20117f692257b2331233b5705ce9c682be8719ff1b2b64cbca290bd6faeb54423eac06a603fddc8701750063036f7264010118746578742f706c61696e3b636861727365743d7574662d3800357b2270223a226272632d3230222c226f70223a226d696e74222c227469636b223a22676d676e222c22616d74223a2231303030227d68,c0117f692257b2331233b5705ce9c682be8719ff1b2b64cbca290bd6faeb54423e,bc1pnay00gxnmx25qv880ldr5updje5z8yf058aua8apr5qyrydle2dqpsjwrc,787999,public-sample-v0.1.0
45642c157a106cb9066d562e84f464aed460482e8c9da51e7ba946c3eab6837e,0,mainnet,20117f692257b2331233b5705ce9c682be8719ff1b2b64cbca290bd6faeb54423eac064c740edd8701750063036f7264010118746578742f706c61696e3b636861727365743d7574662d3800357b2270223a226272632d3230222c226f70223a226d696e74222c227469636b223a22676d676e222c22616d74223a2231303030227d68,c1117f692257b2331233b5705ce9c682be8719ff1b2b64cbca290bd6faeb54423e,bc1ph95l3vtwsfyu5z56puc0dtfpljfmnvaskcpx3jqmsnxzlpmr0hhqskc0am,787999,public-sample-v0.1.0
6874317dc51f89ea330946288dc79e47ed1f0a136580af0fe3726f16d3a7697e,0,mainnet,20117f692257b2331233b5705ce9c682be8719ff1b2b64cbca290bd6faeb54423eac06341907dd8701750063036f7264010118746578742f706c61696e3b636861727365743d7574662d3800357b2270223a226272632d3230222c226f70223a226d696e74222c227469636b223a22676d676e222c22616d74223a2231303030227d68,c1117f692257b2331233b5705ce9c682be8719ff1b2b64cbca290bd6faeb54423e,bc1pjhzjj4pqhxw8szz94uy8qa4lj84kkmggga9lmmldglkwgfef822sf90czx,787999,public-sample-v0.1.0
b68e5f61e99aa7a8aa1f3533dcb04e36e4ab928d3812209e022aaec28ac6a87d,0,mainnet,20117f692257b2331233b5705ce9c682be8719ff1b2b64cbca290bd6faeb54423eac065b7000dd8701750063036f7264010118746578742f706c61696e3b636861727365743d7574662d3800357b2270223a226272632d3230222c226f70223a226d696e74222c227469636b223a22676d676e222c22616d74223a2231303030227d68,c0117f692257b2331233b5705ce9c682be8719ff1b2b64cbca290bd6faeb54423e,bc1pd9acdyqt0v2vrps35yuf3sk7cydcxvut8q3qejeynjhqus3t0rfq8xrd0l,787999,public-sample-v0.1.0
df3b942220cdb2cb2da1b639e91945273de65cb885cce5e47144fbac9bc38d7d,0,mainnet,20117f692257b2331233b5705ce9c682be8719ff1b2b64cbca290bd6faeb54423eac0607abf6dc8701750063036f7264010118746578742f706c61696e3b636861727365743d7574662d3800357b2270223a226272632d3230222c226f70223a226d696e74222c227469636b223a2258545241222c22616d74223a2235303030227d68,c1117f692257b2331233b5705ce9c682be8719ff1b2b64cbca290bd6faeb54423e,bc1pj7t0c2v6klfdmury547qnscgjyqpvmwmhtdqpalantdcaljdxzdsad2fgm,787999,public-sample-v0.1.0
20a23e84cead8efd48974ec63524ad7b831b83691f35fd61d89551dfd9a5357c,0,mainnet,20117f692257b2331233b5705ce9c682be8719ff1b2b64cbca290bd6faeb54423eac064c740edd8701750063036f7264010118746578742f706c61696e3b636861727365743d7574662d3800357b2270223a226272632d3230222c226f70223a226d696e74222c227469636b223a22676d676e222c22616d74223a2231303030227d68,c1117f692257b2331233b5705ce9c682be8719ff1b2b64cbca290bd6faeb54423e,bc1ph95l3vtwsfyu5z56puc0dtfpljfmnvaskcpx3jqmsnxzlpmr0hhqskc0am,787999,public-sample-v0.1.0
70aa3e8d3e1d94c416144f3daa32e61fae95143d8fe5305fcd841b10f187e27b,0,mainnet,20117f692257b2331233b5705ce9c682be8719ff1b2b64cbca290bd6faeb54423eac06d098fcdc8701750063036f7264010118746578742f706c61696e3b636861727365743d7574662d3800357b2270223a226272632d3230222c226f70223a226d696e74222c227469636b223a22676d676e222c22616d74223a2231303030227d68,c1117f692257b2331233b5705ce9c682be8719ff1b2b64cbca290bd6faeb54423e,bc1pv73u28nzrl2m489x62am3c0yz7rcxe3h4f3zpxlwa8fxv5yhgs2q6ma5ku,787999,public-sample-v0.1.0
9ee88a0710ad34add48a19cb94e13e118b2bb9833eacfc5efb37627559956e7b,0,mainnet,20117f692257b2331233b5705ce9c682be8719ff1b2b64cbca290bd6faeb54423eac06f717f7dc8701750063036f7264010118746578742f706c61696e3b636861727365743d7574662d3800357b2270223a226272632d3230222c226f70223a226d696e74222c227469636b223a22676d676e222c22616d74223a2231303030227d68,c0117f692257b2331233b5705ce9c682be8719ff1b2b64cbca290bd6faeb54423e,bc1pwksq6l78uy2cxfke0pr434xvkdlvh5lr26znr6lunqyq2xrvkmws9cz8n0,787999,public-sample-v0.1.0
8549531ec3b909435b373d3a85b33633e01d26d838731fb1a7d80916a33c597b,0,mainnet,20117f692257b2331233b5705ce9c682be8719ff1b2b64cbca290bd6faeb54423eac06341907dd8701750063036f7264010118746578742f706c61696e3b636861727365743d7574662d3800357b2270223a226272632d3230222c226f70223a226d696e74222c227469636b223a22676d676e222c22616d74223a2231303030227d68,c1117f692257b2331233b5705ce9c682be8719ff1b2b64cbca290bd6faeb54423e,bc1pjhzjj4pqhxw8szz94uy8qa4lj84kkmggga9lmmldglkwgfef822sf90czx,787999,public-sample-v0.1.0
f348f7f8e11fd246fefa0523c27520bdcd8fef8c1fa53871cbb6ad0cda72e67a,0,mainnet,20117f692257b2331233b5705ce9c682be8719ff1b2b64cbca290bd6faeb54423eac065e17f5dc8701750063036f7264010118746578742f706c61696e3b636861727365743d7574662d3800357b2270223a226272632d3230222c226f70223a226d696e74222c227469636b223a22676d676e222c22616d74223a2231303030227d68,c1117f692257b2331233b5705ce9c682be8719ff1b2b64cbca290bd6faeb54423e,bc1phdyta06ux73syka2adv75wmm9dsjvxus5m0ndval56dz39qfpq7qc6lhrm,787999,public-sample-v0.1.0
c2cbbe880e47e0a234c817ffeb4fed8da05c4d7428e3615e25bc8a4bc8d7cb7a,0,mainnet,20117f692257b2331233b5705ce9c682be8719ff1b2b64cbca290bd6faeb54423eac066b20f6dc8701750063036f7264010118746578742f706c61696e3b636861727365743d7574662d3800357b2270223a226272632d3230222c226f70223a226d696e74222c227469636b223a22676d676e222c22616d74223a2231303030227d68,c1117f692257b2331233b5705ce9c682be8719ff1b2b64cbca290bd6faeb54423e,bc1p8ndnx8vkq2t8x9azvu3qmp8n6krayuf9j9ln9d53agggungqrx4s3ndel6,787999,public-sample-v0.1.0
3d82057dac84b9af2df3b1e3b90fbc45013d647a174404fd9fb63e3a7befb67a,0,mainnet,20117f692257b2331233b5705ce9c682be8719ff1b2b64cbca290bd6faeb54423eac065ca0ffdc8701750063036f7264010118746578742f706c61696e3b636861727365743d7574662d3800357b2270223a226272632d3230222c226f70223a226d696e74222c227469636b223a22676d676e222c22616d74223a2231303030227d68,c1117f692257b2331233b5705ce9c682be8719ff1b2b64cbca290bd6faeb54423e,bc1pwzp4q7mna2q505ec3kj69q3jkcfej2he3fw6m530u5rtw2rr9h5q07qulg,787999,public-sample-v0.1.0
f0574feebf2ba774e70d20983bf1eabcb470ebd8895d73049ed3c7b758f5b37a,0,mainnet,20117f692257b2331233b5705ce9c682be8719ff1b2b64cbca290bd6faeb54423eac064b97fbdc8701750063036f7264010118746578742f706c61696e3b636861727365743d7574662d3800357b2270223a226272632d3230222c226f70223a226d696e74222c227469636b223a22676d676e222c22616d74223a2231303030227d68,c1117f692257b2331233b5705ce9c682be8719ff1b2b64cbca290bd6faeb54423e,bc1ppfrmhjfdmwnmdcp3dvcrxd93h02qprcqrdzftzzfa692qnzwfswq9rku6w,787999,public-sample-v0.1.0
533f979cda48f122ea2e471840ea5b83ce686c65cfe6c37cddd96701639acc79,0,mainnet,20117f692257b2331233b5705ce9c682be8719ff1b2b64cbca290bd6faeb54423eac06ef7809dd8701750063036f7264010118746578742f706c61696e3b636861727365743d7574662d3800327b2270223a226272632d3230222c226f70223a226d696e74222c227469636b223a22686f6c64222c22616d74223a2235227d68,c0117f692257b2331233b5705ce9c682be8719ff1b2b64cbca290bd6faeb54423e,bc1pm690ggx67ra08x556lgq4mn946nn3hryhrl8lpdnvgxqld59a8aqdl44lu,787999,public-sample-v0.1.0
25455c7230324d2cb43a6940e022c6ba87d3ea768f0417cb8643f3825013ae79,0,mainnet,20117f692257b2331233b5705ce9c682be8719ff1b2b64cbca290bd6faeb54423eac06b94404dd8701750063036f7264010118746578742f706c61696e3b636861727365743d7574662d3800357b2270223a226272632d3230222c226f70223a226d696e74222c227469636b223a22676d676e222c22616d74223a2231303030227d68,c0117f692257b2331233b5705ce9c682be8719ff1b2b64cbca290bd6faeb54423e,bc1pjn3hs55989qfzf5k48fxxy3s8zfx5vyumr840kr4yphawkv5sknsrsdgq0,787999,public-sample-v0.1.0
177aaf489f08c8eabf6d3efd000078a86c224e76e90ae780a5ced7b77751a079,0,mainnet,20117f692257b2331233b5705ce9c682be8719ff1b2b64cbca290bd6faeb54423eac065e17f5dc8701750063036f7264010118746578742f706c61696e3b636861727365743d7574662d3800357b2270223a226272632d3230222c226f70223a226d696e74222c227469636b223a22676d676e222c22616d74223a2231303030227d68,c1117f692257b2331233b5705ce9c682be8719ff1b2b64cbca290bd6faeb54423e,bc1phdyta06ux73syka2adv75wmm9dsjvxus5m0ndval56dz39qfpq7qc6lhrm,787999,public-sample-v0.1.0
